date,portfolio_value,benchmark_value,marked_open_risk_percent,capital_invested_percent
2020-04-10,100000.0,100000.0,0.0,0.0
2020-04-11,100000.0,96946.63,0.0,0.0
2020-04-12,100000.0,98798.75,0.0,0.0
2020-04-13,100000.0,96964.39,0.0,0.0
2020-04-14,100000.0,98617.0,0.0,0.0
2020-04-15,100110.83,97324.19,1.4962,18.24
2020-04-16,100521.78,99488.43,1.4901,18.57
2020-04-17,100467.65,99497.23,1.4909,18.53
2020-04-18,100467.65,99854.17,1.4909,18.53
2020-04-19,100467.65,98555.14,1.4909,18.53
2020-04-20,100107.21,95916.76,1.9953,24.71
2020-04-21,99104.93,93331.44,2.0155,23.95
2020-04-22,99998.08,98154.51,1.9975,24.63
2020-04-23,99988.55,96970.54,1.9977,24.62
2020-04-24,100400.48,98500.87,1.9895,24.93
2020-04-25,100400.48,98660.12,1.9895,24.93
2020-04-26,100400.48,98523.02,1.9895,24.93
2020-04-27,100558.51,98200.28,1.9864,25.05
2020-04-28,100025.44,98185.27,1.997,24.65
2020-04-29,101166.7,103240.43,1.9745,25.5
2020-04-30,101220.46,102158.51,1.9734,25.54
2020-05-01,100593.87,100568.81,1.9857,25.08
2020-05-02,100593.87,100342.43,1.9857,25.08
2020-05-03,100593.87,99705.58,1.9857,25.08
2020-05-04,100939.48,100597.15,1.9789,25.33
2020-05-05,101296.11,101285.64,1.9719,25.6
2020-05-06,101459.33,101328.91,1.9688,25.72
2020-05-07,101864.79,102554.81,1.9609,26.01
2020-05-08,102315.12,104019.36,1.9523,26.34
2020-05-09,102315.12,104012.43,1.9523,26.34
2020-05-10,102315.12,102829.66,1.9523,26.34
2020-05-11,102757.94,103804.69,1.9439,26.66
2020-05-12,102194.43,102210.13,1.9546,26.25
2020-05-13,101861.8,101230.27,1.961,26.01
2020-05-14,102198.58,102815.74,1.9545,26.25
2020-05-15,102592.35,104097.51,1.947,26.54
2020-05-16,102592.35,104787.41,1.947,26.54
2020-05-17,102592.35,105030.46,1.947,26.54
2020-05-18,103131.05,107844.75,1.9368,26.92
2020-05-19,103051.81,106997.35,1.9383,26.86
2020-05-20,103630.89,108131.75,1.9275,27.27
2020-05-21,103349.88,107662.97,1.9327,27.08
2020-05-22,103620.43,109120.6,1.9277,27.27
2020-05-23,103620.43,108667.7,1.9277,27.27
2020-05-24,103620.43,107546.52,1.9277,27.27
2020-05-25,103620.43,108454.36,1.9277,27.27
2020-05-26,103390.06,107358.78,1.932,27.1
2020-05-27,103332.87,107633.84,1.9331,27.06
2020-05-28,103290.03,107183.9,1.9339,27.03
2020-05-29,103733.48,108768.1,1.9256,27.35
2020-05-30,103733.48,108917.37,1.9256,27.35
2020-05-31,103733.48,108603.49,1.9256,27.35
2020-06-01,103806.5,108952.27,1.9242,27.4
2020-06-02,103944.99,109249.61,1.9217,27.49
2020-06-03,103969.57,109897.92,1.9212,27.51
2020-06-04,103719.96,109202.21,1.9258,27.34
2020-06-05,104319.03,112654.81,1.9148,27.75
2020-06-06,104319.03,111976.41,1.9148,27.75
2020-06-07,104319.03,111873.63,1.9148,27.75
2020-06-08,104393.32,113112.19,1.9134,27.8
2020-06-09,104867.32,114222.73,1.9048,28.13
2020-06-10,105440.89,115630.01,1.8944,28.52
2020-06-11,103943.01,108962.83,1.9217,27.49
2020-06-12,104218.09,110351.11,1.9166,27.68
2020-06-13,104218.09,110615.28,1.9166,27.68
2020-06-14,104218.09,110232.09,1.9166,27.68
2020-06-15,104609.66,111310.58,1.9095,27.95
2020-06-16,105017.7,112914.94,1.902,28.23
2020-06-17,105174.42,113296.71,1.8992,28.34
2020-06-18,105094.9,113758.94,1.9007,28.29
2020-06-19,105028.76,114530.15,1.9018,28.24
2020-06-20,105028.76,113816.19,1.9018,28.24
2020-06-21,105028.76,114334.18,1.9018,28.24
2020-06-22,105626.45,117172.45,1.8911,28.65
2020-06-23,105888.05,117567.22,1.8864,28.82
2020-06-24,105264.51,115812.47,1.8976,28.4
2020-06-25,105661.61,116818.89,1.8905,28.67
2020-06-26,104588.75,113797.3,1.9098,27.94
2020-06-27,104588.75,113313.7,1.9098,27.94
2020-06-28,104588.75,114802.34,1.9098,27.94
2020-06-29,104869.64,117314.76,1.4283,21.53
2020-06-30,105298.46,119282.5,1.4225,21.85
2020-07-01,105405.38,119536.62,1.421,21.93
2020-07-02,105518.76,119448.66,1.4195,22.01
2020-07-03,105518.76,119236.16,1.4195,22.01
2020-07-04,105518.76,119451.34,1.4195,22.01
2020-07-05,105518.76,117896.78,1.4195,22.01
2020-07-06,106101.16,120545.94,1.4117,22.44
2020-07-07,105973.88,120868.73,1.912,32.45
2020-07-08,106608.61,123624.77,1.9006,32.86
2020-07-09,107021.34,125721.31,1.8933,33.11
2020-07-10,107224.92,127363.25,1.8897,33.24
2020-07-11,107224.92,127557.14,1.8897,33.24
2020-07-12,107224.92,129171.0,1.8897,33.24
2020-07-13,106524.32,129814.07,1.9021,32.8
2020-07-14,107003.41,131032.88,1.8936,33.1
2020-07-15,106954.82,133471.73,1.8945,33.07
2020-07-16,106710.9,125402.2,1.8988,32.92
2020-07-17,106761.56,127473.97,1.8979,32.95
2020-07-18,106761.56,127276.75,1.8979,32.95
2020-07-19,106761.56,126466.52,1.8979,32.95
2020-07-20,107738.37,128306.0,1.8807,33.56
2020-07-21,107326.88,129052.89,2.0004,36.05
2020-07-22,107536.4,130875.66,1.9965,36.17
2020-07-23,106318.74,127666.79,2.0194,35.44
2020-07-24,106018.16,126371.12,1.5543,27.63
2020-07-25,106018.16,130872.74,1.5543,27.63
2020-07-26,106018.16,136355.9,1.5543,27.63
2020-07-27,106499.23,142002.15,1.5472,27.96
2020-07-28,106045.67,140457.77,1.5538,27.65
2020-07-29,106490.57,140062.59,1.5474,27.95
2020-07-30,106731.25,141455.92,1.5439,28.11
2020-07-31,106557.37,141153.04,1.5464,28.0
2020-08-01,106557.37,140950.32,1.5464,28.0
2020-08-02,106557.37,144739.1,1.5464,28.0
2020-08-03,106925.4,147777.89,1.5411,28.24
2020-08-04,107073.94,149731.01,1.9921,35.9
2020-08-05,107225.3,148180.5,1.9893,35.99
2020-08-06,107871.92,157940.31,1.9774,36.37
2020-08-07,107420.54,154476.59,1.9857,36.1
2020-08-08,107420.54,161271.19,1.9857,36.1
2020-08-09,107420.54,164628.92,1.9857,36.1
2020-08-10,107474.77,173057.88,1.9847,36.14
2020-08-11,106699.83,173657.45,1.9991,35.67
2020-08-12,107821.55,185370.44,1.9783,36.34
2020-08-13,108054.84,185767.28,1.9741,36.48
2020-08-14,108029.46,179776.37,1.9745,36.46
2020-08-15,108029.46,175822.98,1.9745,36.46
2020-08-16,108029.46,179360.42,1.9745,36.46
2020-08-17,108716.81,176650.6,1.962,36.87
2020-08-18,109119.57,181555.93,1.9548,37.1
2020-08-19,108892.22,173344.84,1.9589,36.97
2020-08-20,109453.58,180209.98,1.9488,37.29
2020-08-21,110333.79,178622.77,1.9333,37.79
2020-08-22,110333.79,179975.97,1.9333,37.79
2020-08-23,110333.79,185260.38,1.9333,37.79
2020-08-24,110628.99,186593.72,1.9281,37.96
2020-08-25,110808.93,185551.61,1.925,38.06
2020-08-26,111467.86,192402.87,1.9136,38.42
2020-08-27,111124.5,189446.78,1.9195,38.23
2020-08-28,111599.84,201013.21,1.9113,38.5
2020-08-29,111599.84,200266.95,1.9113,38.5
2020-08-30,111599.84,208451.1,1.9113,38.5
2020-08-31,112061.61,216091.08,1.9035,38.75
2020-09-01,113123.12,211745.2,1.8856,39.33
2020-09-02,113852.41,210609.5,1.8735,39.71
2020-09-03,110925.75,190374.84,1.923,38.12
2020-09-04,110169.48,188596.87,1.9362,37.7
2020-09-05,110169.48,171985.86,1.9362,37.7
2020-09-06,110169.48,180540.0,1.9362,37.7
2020-09-07,110169.48,177779.65,1.9362,37.7
2020-09-08,108129.19,163509.43,1.9727,36.52
2020-09-09,109370.98,188420.88,0.9002,15.55
2020-09-10,108823.43,182468.54,0.9048,15.13
2020-09-11,108616.72,180711.49,0.9065,14.97
2020-09-12,108616.72,179050.73,0.9065,14.97
2020-09-13,108616.72,177178.75,0.9065,14.97
2020-09-14,109328.94,181062.97,0.9006,15.52
2020-09-15,109420.04,176402.53,0.8998,15.59
2020-09-16,108855.59,166729.58,0.9045,15.15
2020-09-17,108689.73,171361.38,0.9059,15.02
2020-09-18,108251.09,172524.34,0.9096,14.68
2020-09-19,108251.09,171139.06,0.9096,14.68
2020-09-20,108251.09,168370.41,0.9096,14.68
2020-09-21,108284.13,167963.74,0.4611,7.57
2020-09-22,108363.06,172032.43,0.4608,7.64
2020-09-23,108026.39,166397.57,0.4622,7.35
2020-09-24,108173.28,172744.89,0.4616,7.48
2020-09-25,108517.64,177059.64,0.4601,7.77
2020-09-26,108517.64,176114.92,0.4601,7.77
2020-09-27,108517.64,176434.63,0.4601,7.77
2020-09-28,108623.26,175110.34,0.4597,7.86
2020-09-29,108748.2,175078.49,0.4592,7.97
2020-09-30,108947.81,175701.81,0.4583,8.13
2020-10-01,109002.83,176301.75,0.4581,8.18
2020-10-02,108641.11,168610.33,0.4596,7.88
2020-10-03,108641.11,167229.75,0.4596,7.88
2020-10-04,108641.11,166681.1,0.4596,7.88
2020-10-05,109021.17,172659.07,0.458,8.2
2020-10-06,109082.74,162499.78,0.4578,8.25
2020-10-07,109231.76,166410.18,0.4571,8.37
2020-10-08,109149.72,167999.99,0.4575,8.3
2020-10-09,109130.03,172271.28,0.9505,20.66
2020-10-10,109130.03,169927.05,0.9505,20.66
2020-10-11,109130.03,170286.09,0.9505,20.66
2020-10-12,109651.07,177862.75,0.946,21.03
2020-10-13,109239.14,173814.58,1.9924,37.66
2020-10-14,108969.98,171491.59,1.9973,37.51
2020-10-15,108770.43,169923.76,2.001,37.39
2020-10-16,108513.78,167093.81,2.0057,37.24
2020-10-17,108513.78,168013.09,2.0057,37.24
2020-10-18,108513.78,168230.81,2.0057,37.24
2020-10-19,107724.95,162751.24,1.5193,30.66
2020-10-20,107909.19,160944.62,1.5167,30.78
2020-10-21,107817.99,160943.39,1.518,30.72
2020-10-22,107671.86,161806.95,1.0166,21.51
2020-10-23,107778.36,162756.01,0.5523,13.42
2020-10-24,107778.36,161911.21,0.5523,13.42
2020-10-25,107778.36,159731.72,0.5523,13.42
2020-10-26,107499.94,155430.23,0.5538,13.2
2020-10-27,107503.25,157183.55,0.0533,0.89
2020-10-28,107450.41,147289.53,0.0534,0.84
2020-10-29,107452.77,149429.61,0.0,0.0
2020-10-30,107452.77,146892.41,0.0,0.0
2020-10-31,107452.77,148633.7,0.0,0.0
2020-11-01,107452.77,149670.1,0.0,0.0
2020-11-02,107452.77,147943.21,0.0,0.0
2020-11-03,107452.77,149380.6,0.0,0.0
2020-11-04,107452.77,154884.88,0.0,0.0
2020-11-05,107411.94,158259.44,0.4994,6.32
2020-11-06,107401.27,168056.27,0.4994,6.31
2020-11-07,107401.27,170128.08,0.4994,6.31
2020-11-08,107401.27,172312.22,0.4994,6.31
2020-11-09,106929.38,166986.27,1.0034,12.8
2020-11-10,106763.08,167835.93,0.9997,19.53
2020-11-11,106904.9,166797.44,0.9984,19.64
2020-11-12,106749.52,164638.5,0.9999,19.52
2020-11-13,107058.46,167296.67,0.997,19.75
2020-11-14,107058.46,165478.06,0.997,19.75
2020-11-15,107058.46,167689.95,0.997,19.75
2020-11-16,107244.08,172681.15,0.9953,19.89
2020-11-17,107118.45,170932.96,0.9964,19.8
2020-11-18,106863.92,168360.77,0.9988,19.61
2020-11-19,106992.96,168391.45,0.9976,19.7
2020-11-20,106809.52,166911.93,0.9993,19.57
2020-11-21,106809.52,171938.16,0.9993,19.57
2020-11-22,106809.52,167778.56,0.9993,19.57
2020-11-23,106860.77,169369.35,0.9988,19.6
2020-11-24,107231.08,170277.33,0.9954,19.88
2020-11-25,107209.56,171325.59,0.9956,19.87
2020-11-26,107209.56,164894.18,0.9956,19.87
2020-11-27,107338.09,164906.49,0.9944,19.96
2020-11-28,107338.09,165449.5,0.9944,19.96
2020-11-29,107338.09,165908.99,0.9944,19.96
2020-11-30,107148.1,167265.88,0.9961,19.82
2020-12-01,107464.2,169416.54,0.9932,20.06
2020-12-02,107751.85,172809.87,1.9751,46.04
2020-12-03,107746.71,172131.6,1.9752,46.04
2020-12-04,107885.91,168400.1,1.9727,46.11
2020-12-05,107885.91,170552.47,1.9727,46.11
2020-12-06,107885.91,168370.24,1.9727,46.11
2020-12-07,108061.25,168455.03,1.9695,46.2
2020-12-08,108197.04,165140.7,1.967,46.26
2020-12-09,107314.88,162182.61,1.9832,45.82
2020-12-10,107470.18,161048.0,1.9803,45.9
2020-12-11,107368.13,158693.67,1.9822,45.85
2020-12-12,107368.13,159505.52,1.9822,45.85
2020-12-13,107368.13,160811.87,1.9822,45.85
2020-12-14,107278.87,161617.42,1.9839,45.8
2020-12-15,108243.87,166881.9,1.9662,46.29
2020-12-16,108338.68,167095.32,1.9645,46.33
2020-12-17,108549.35,165778.29,1.9606,46.44
2020-12-18,108134.59,165003.95,1.9682,46.23
2020-12-19,108134.59,164475.61,1.9682,46.23
2020-12-20,108134.59,162634.23,1.9682,46.23
2020-12-21,108086.3,162727.97,1.4728,40.13
2020-12-22,108439.85,162414.33,1.468,40.32
2020-12-23,108283.53,156540.14,1.4701,40.24
2020-12-24,108507.44,159774.38,1.4671,40.36
2020-12-25,108507.44,161228.81,1.4671,40.36
2020-12-26,108507.44,159105.47,1.4671,40.36
2020-12-27,108507.44,158734.02,1.4671,40.36
2020-12-28,109235.36,164376.23,1.4573,40.76
2020-12-29,109056.74,166576.46,1.4597,40.66
2020-12-30,108973.84,164098.92,1.4608,40.62
2020-12-31,108998.06,163596.2,1.4605,40.63
2021-01-01,108998.06,169400.05,1.4605,40.63
2021-01-02,108998.06,168649.84,1.4605,40.63
2021-01-03,108998.06,175002.04,1.4605,40.63
2021-01-04,108252.33,178976.32,1.4705,40.22
2021-01-05,108639.78,174894.88,1.4653,40.43
2021-01-06,108089.67,167414.23,1.4727,40.13
2021-01-07,109113.99,179697.9,1.4589,40.69
2021-01-08,109525.97,195439.63,1.4534,40.92
2021-01-09,109525.97,198339.83,1.4534,40.92
2021-01-10,109525.97,199754.56,1.4534,40.92
2021-01-11,108890.25,192477.35,1.4619,40.57
2021-01-12,108849.57,200654.92,1.4625,40.55
2021-01-13,109197.16,199906.15,1.4578,40.74
2021-01-14,108870.83,194031.03,1.4622,40.56
2021-01-15,108462.41,191849.91,1.4677,40.34
2021-01-16,108462.41,195300.37,1.4677,40.34
2021-01-17,108462.41,201803.4,1.4677,40.34
2021-01-18,108462.41,201406.93,1.4677,40.34
2021-01-19,108893.45,200626.81,1.4619,40.57
2021-01-20,109890.05,206162.03,1.4486,41.11
2021-01-21,110424.61,196026.27,1.9345,50.07
2021-01-22,110561.19,202369.82,1.9321,50.13
2021-01-23,110561.19,205136.62,1.9321,50.13
2021-01-24,110561.19,207420.04,1.9321,50.13
2021-01-25,111128.57,209697.84,1.9223,50.39
2021-01-26,111221.85,215496.62,1.9207,50.43
2021-01-27,109793.24,205153.02,1.9457,49.78
2021-01-28,109746.74,207395.42,1.9465,49.76
2021-01-29,108475.22,204845.56,1.9693,49.17
2021-01-30,108475.22,211673.08,1.9693,49.17
2021-01-31,108475.93,212371.74,1.9998,49.31
2021-02-01,109574.19,221525.9,1.4952,36.2
2021-02-02,110095.35,235129.73,1.4881,36.5
2021-02-03,110649.79,244503.93,1.4807,36.82
2021-02-04,111174.38,258626.71,1.4737,37.11
2021-02-05,111319.24,263440.76,1.9646,52.21
2021-02-06,111299.25,253435.84,1.9649,52.21
2021-02-07,111319.89,263769.22,1.9646,52.21
2021-02-08,111595.68,286920.04,1.9597,52.33
2021-02-09,111444.57,284955.08,2.0027,53.01
2021-02-10,111468.04,308122.09,2.0022,53.02
2021-02-11,111616.81,311988.54,1.9996,53.09
2021-02-12,111840.52,312243.38,1.9956,53.18
2021-02-13,111822.52,303226.07,1.9959,53.17
2021-02-14,111822.74,303338.95,1.9959,53.17
2021-02-15,111827.04,305491.7,1.9958,53.18
2021-02-16,111644.79,296110.42,1.9991,53.1
2021-02-17,111359.01,293151.88,2.0042,52.98
2021-02-18,110997.4,305570.06,1.5313,42.25
2021-02-19,110894.77,349006.86,1.5328,42.2
2021-02-20,110843.56,323368.81,1.5335,42.17
2021-02-21,110881.46,342345.12,1.5329,42.19
2021-02-22,110190.91,397673.97,1.5426,41.83
2021-02-23,109894.96,410228.45,1.0246,25.11
2021-02-24,110271.74,448609.67,1.0211,25.37
2021-02-25,109401.09,381067.29,1.0293,24.78
2021-02-26,109338.5,378212.31,1.0299,24.73
2021-02-27,109324.96,371434.34,1.03,24.72
2021-02-28,109321.04,369472.98,1.03,24.72
2021-03-01,110023.96,406077.76,1.0234,25.2
2021-03-02,109832.2,386203.26,1.0252,25.07
2021-03-03,109349.52,384917.41,1.0298,24.74
2021-03-04,109154.72,365149.45,0.529,9.83
2021-03-05,109456.52,358810.12,0.5276,10.08
2021-03-06,109471.43,366275.79,0.5275,10.09
2021-03-07,109500.87,381018.63,0.5274,10.11
2021-03-08,109038.9,370744.06,0.5296,9.73
2021-03-09,109248.39,397743.85,0.5286,9.91
2021-03-10,109205.79,386578.32,0.5288,9.87
2021-03-11,109592.4,420935.59,0.5269,10.19
2021-03-12,109286.77,394255.78,0.5284,9.94
2021-03-13,109313.25,407515.81,0.5283,9.96
2021-03-14,109285.24,393486.88,0.5284,9.94
2021-03-15,109296.4,389881.22,0.5283,9.95
2021-03-16,109351.64,381150.87,1.0237,25.27
2021-03-17,109420.82,391713.38,1.0231,25.31
2021-03-18,108870.96,387327.7,1.0282,24.94
2021-03-19,108814.46,387105.07,1.0288,24.9
2021-03-20,108814.71,387230.99,1.0288,24.9
2021-03-21,108818.92,389337.86,1.0287,24.9
2021-03-22,108988.92,401985.38,1.0271,25.02
2021-03-23,108887.87,388817.7,1.0281,24.95
2021-03-24,108741.24,376958.03,1.0295,24.85
2021-03-25,108561.85,365751.08,0.5319,9.87
2021-03-26,108521.94,398053.7,0.5016,9.42
2021-03-27,108521.94,428351.68,0.5016,9.42
2021-03-28,108521.94,454776.96,0.5016,9.42
2021-03-29,108749.62,470056.21,0.9981,12.33
2021-03-30,108814.85,475962.83,0.9975,12.38
2021-03-31,108933.61,482455.04,0.9964,12.47
2021-04-01,109211.28,478773.96,0.9939,12.7
2021-04-02,109329.5,491484.78,0.9928,12.79
2021-04-03,109776.46,539537.68,0.9888,13.15
2021-04-04,110022.43,565982.84,0.9866,13.34
2021-04-05,110410.99,550357.62,1.4725,23.51
2021-04-06,110661.8,584528.28,1.9605,43.52
2021-04-07,111113.52,612794.79,1.9525,43.75
2021-04-08,111489.66,624123.23,1.9915,44.75
2021-04-09,111959.54,638640.49,1.9832,44.98
2021-04-10,111806.83,622222.37,1.9859,44.9
2021-04-11,111984.58,641332.52,1.9827,44.99
2021-04-12,111933.72,652684.26,1.9836,44.97
2021-04-13,112028.5,636290.09,1.982,45.01
2021-04-14,111578.4,617285.61,1.9899,44.79
2021-04-15,112445.64,644834.99,1.9746,45.22
2021-04-16,112122.93,601853.54,1.9803,45.06
2021-04-17,112074.44,596640.18,1.9811,45.03
2021-04-18,113248.54,722869.31,1.9606,45.6
2021-04-19,112969.2,710402.03,1.9654,45.47
2021-04-20,112671.34,710624.8,1.9706,45.33
2021-04-21,113098.62,724671.07,1.9632,45.53
2021-04-22,113651.8,833681.75,1.9536,45.8
2021-04-23,113981.09,803237.28,1.948,45.95
2021-04-24,114593.79,869109.74,1.9376,46.24
2021-04-25,115674.53,985302.06,1.9195,46.75
2021-04-26,115296.26,926869.74,1.9258,46.57
2021-04-27,115023.77,913239.07,1.9303,46.44
2021-04-28,115575.42,941428.48,1.9211,46.7
2021-04-29,115543.62,900794.92,1.9217,46.68
2021-04-30,115187.46,907315.39,1.9276,46.52
2021-05-01,116255.44,1022135.74,1.9099,47.01
2021-05-02,115828.86,976273.73,1.9169,46.82
2021-05-03,115615.93,959097.53,1.9205,46.72
2021-05-04,114535.88,899451.52,1.9386,46.22
2021-05-05,115003.92,938252.46,1.4166,36.05
2021-05-06,115057.96,913803.08,1.4159,36.08
2021-05-07,115247.28,909969.45,1.4136,36.19
2021-05-08,115639.54,952142.19,1.4088,36.4
2021-05-09,115438.83,930563.77,1.4113,36.29
2021-05-10,114677.65,901725.13,1.4206,35.87
2021-05-11,114638.55,930262.57,1.4211,35.85
2021-05-12,113465.23,888804.21,1.4358,35.19
2021-05-13,113397.8,864426.43,0.4772,5.89
2021-05-14,113678.16,898240.07,0.476,6.13
2021-05-15,113799.34,911268.47,0.4755,6.23
2021-05-16,114408.89,976801.39,0.473,6.72
2021-05-17,114353.85,970323.88,0.4732,6.68
2021-05-18,115828.64,1127403.7,0.4672,7.87
2021-05-19,112437.62,763003.49,0.4813,5.09
2021-05-20,112418.6,935118.76,0.0,0.0
2021-05-21,112418.6,831332.54,0.0,0.0
2021-05-22,112418.6,699947.28,0.0,0.0
2021-05-23,112418.6,583815.86,0.0,0.0
2021-05-24,112418.6,702954.64,0.0,0.0
2021-05-25,112418.6,680455.85,0.0,0.0
2021-05-26,112418.6,778091.56,0.0,0.0
2021-05-27,112418.6,742588.49,0.0,0.0
2021-05-28,112418.6,664691.24,0.0,0.0
2021-05-29,112418.6,635550.67,0.0,0.0
2021-05-30,112418.6,657039.78,0.0,0.0
2021-05-31,112418.6,730880.43,0.0,0.0
2021-06-01,112402.57,698983.89,0.4995,7.76
2021-06-02,112677.94,752456.92,0.4983,7.98
2021-06-03,112780.58,848503.1,0.4979,8.07
2021-06-04,113106.74,815876.95,0.4964,8.33
2021-06-05,113106.74,853910.72,0.4964,8.33
2021-06-06,113106.74,901629.3,0.4964,8.33
2021-06-07,113128.58,831005.37,0.4963,8.35
2021-06-08,112939.47,887825.93,0.9961,20.92
2021-06-09,112849.36,896783.29,1.4896,36.16
2021-06-10,113225.93,881128.3,1.4846,36.38
2021-06-11,113419.66,793923.47,1.9783,62.7
2021-06-12,113419.66,800856.19,1.9783,62.7
2021-06-13,113419.66,841666.12,1.9783,62.7
2021-06-14,113867.97,842485.74,1.9705,62.85
2021-06-15,113449.15,883967.54,2.0064,63.63
2021-06-16,113158.25,858310.66,2.0116,63.54
2021-06-17,113951.94,853724.02,1.9976,63.79
2021-06-18,113163.39,806415.26,1.5142,37.82
2021-06-19,113163.39,783714.82,1.5142,37.82
2021-06-20,113163.39,783164.18,1.5142,37.82
2021-06-21,113355.45,632218.0,1.5116,37.93
2021-06-22,113840.54,636311.05,1.5052,38.19
2021-06-23,113914.14,694019.1,1.5042,38.23
2021-06-24,114145.32,714585.18,1.5012,38.36
2021-06-25,114028.47,670640.6,1.5027,38.29
2021-06-26,114028.47,688410.22,1.5027,38.29
2021-06-27,114028.47,727253.75,1.5027,38.29
2021-06-28,114748.64,747922.68,1.9856,65.52
2021-06-29,114833.9,764906.22,1.9842,65.55
2021-06-30,114801.53,794534.71,1.9847,65.54
2021-07-01,115136.33,757661.42,1.9789,65.64
2021-07-02,116084.44,771107.68,1.9628,65.92
2021-07-03,116084.44,779139.75,1.9628,65.92
2021-07-04,116084.44,776191.85,1.9628,65.92
2021-07-05,116084.44,752954.27,1.9628,65.92
2021-07-06,116347.42,776826.63,1.9583,66.0
2021-07-07,116375.4,817570.39,1.9579,66.01
2021-07-08,115577.15,755933.99,1.9714,65.77
2021-07-09,116173.07,758414.89,1.9613,65.95
2021-07-10,116173.07,732548.79,1.9613,65.95
2021-07-11,116173.07,739369.23,1.9613,65.95
2021-07-12,116773.57,717670.55,1.9512,66.12
2021-07-13,116578.27,687047.99,1.9545,66.07
2021-07-14,116573.9,725083.84,1.9545,66.06
2021-07-15,115715.47,672544.56,1.969,65.81
2021-07-16,115319.29,633102.3,1.4889,56.86
2021-07-17,115319.29,639264.94,1.4889,56.86
2021-07-18,115319.29,639794.89,1.4889,56.86
2021-07-19,114395.05,598695.78,1.5009,56.52
2021-07-20,114834.08,583551.01,1.0032,30.03
2021-07-21,115128.75,641059.96,1.0006,30.21
2021-07-22,115365.67,661256.48,0.9986,30.35
2021-07-23,116143.13,677707.97,0.9919,30.82
2021-07-24,116143.13,681015.53,0.9919,30.82
2021-07-25,116143.13,671660.19,0.9919,30.82
2021-07-26,116360.5,673898.96,1.4836,58.93
2021-07-27,115732.87,667873.18,1.4917,58.71
2021-07-28,116275.72,665044.64,1.4847,58.9
2021-07-29,116411.16,726409.57,1.483,58.95
2021-07-30,116032.09,744986.22,1.4878,58.81
2021-07-31,116032.09,822678.42,1.4878,58.81
2021-08-01,115794.03,777588.93,1.9871,61.77
2021-08-02,115640.92,760024.01,1.9897,61.72
2021-08-03,116198.38,774808.0,1.9802,61.91
2021-08-04,116171.17,806584.2,1.9806,61.9
2021-08-05,116783.37,836067.57,1.9703,62.1
2021-08-06,116881.43,871586.42,1.9981,62.66
2021-08-07,116877.34,870839.37,1.9982,62.66
2021-08-08,116711.3,840528.29,2.001,62.6
2021-08-09,116961.59,859869.19,1.9968,62.68
2021-08-10,117058.31,891517.59,1.9951,62.71
2021-08-11,117145.73,910217.4,1.9936,62.74
2021-08-12,117388.88,900607.41,1.9895,62.82
2021-08-13,117952.6,968167.2,1.98,63.0
2021-08-14,117877.57,954469.23,1.9812,62.97
2021-08-15,118802.27,1123269.83,1.9658,63.26
2021-08-16,119800.39,1275651.54,1.9494,63.57
2021-08-17,119367.12,1304474.06,1.9276,62.95
2021-08-18,119452.96,1447614.27,1.9262,62.97
2021-08-19,119425.03,1453573.63,1.4611,47.61
2021-08-20,120476.97,1562023.41,1.4483,48.06
2021-08-21,120000.0,1474954.97,1.4541,47.86
2021-08-22,119908.58,1458266.59,1.4552,47.82
2021-08-23,121163.98,1513758.4,1.9369,54.98
2021-08-24,120814.14,1425528.48,2.0034,57.33
2021-08-25,121257.72,1449018.8,1.9961,57.48
2021-08-26,121227.66,1506892.44,1.9966,57.47
2021-08-27,123308.39,1733599.05,1.9629,58.19
2021-08-28,124135.54,1884592.72,1.9498,58.47
2021-08-29,123921.12,1845451.98,1.9532,58.4
2021-08-30,125770.44,2129018.22,1.9245,59.01
2021-08-31,125407.18,2091800.0,1.93,58.89
2021-09-01,125763.18,2136986.94,1.9246,59.01
2021-09-02,127265.7,2435823.05,1.9018,59.49
2021-09-03,129270.87,2761162.88,1.8723,60.12
2021-09-04,128553.75,2630255.73,1.8828,59.9
2021-09-05,128837.7,2682089.62,1.8786,59.99
2021-09-06,130979.46,3073060.13,1.8479,60.64
2021-09-07,131719.99,3226945.62,1.8375,60.86
2021-09-08,133180.15,3539012.52,1.8174,61.29
2021-09-09,132665.62,3488225.61,1.8244,61.14
2021-09-10,131337.93,3340552.27,1.8429,60.75
2021-09-11,131242.19,3323074.11,1.8442,60.72
2021-09-12,130826.48,3247189.08,1.8501,60.59
2021-09-13,130488.21,3154653.82,0.9829,22.16
2021-09-14,129429.81,2958521.51,0.991,21.53
2021-09-15,129589.86,2977880.46,0.9646,20.71
2021-09-16,128916.36,2860909.65,0.9697,20.29
2021-09-17,128281.3,2772371.59,0.9745,19.9
2021-09-18,130354.05,3150744.01,0.959,21.17
2021-09-19,128753.97,2858655.33,0.9709,20.19
2021-09-20,126420.31,2497077.76,0.9307,16.41
2021-09-21,126565.33,2354203.37,0.0,0.0
2021-09-22,126565.33,2777519.62,0.0,0.0
2021-09-23,126565.33,2812011.33,0.0,0.0
2021-09-24,126565.33,2629873.98,0.0,0.0
2021-09-25,126565.33,2573502.83,0.0,0.0
2021-09-26,126565.33,2565098.94,0.0,0.0
2021-09-27,126565.33,2581078.06,0.0,0.0
2021-09-28,126565.33,2484043.65,0.0,0.0
2021-09-29,126565.33,2550249.89,0.0,0.0
2021-09-30,126565.33,2649998.49,0.0,0.0
2021-10-01,126565.33,3012859.97,0.0,0.0
2021-10-02,126565.33,3142727.19,0.0,0.0
2021-10-03,126565.33,3203995.0,0.0,0.0
2021-10-04,126565.33,3096245.47,0.0,0.0
2021-10-05,126565.33,3053968.25,0.0,0.0
2021-10-06,126565.33,2880136.12,0.0,0.0
2021-10-07,126565.33,2885372.22,0.0,0.0
2021-10-08,126565.33,2966435.9,0.0,0.0
2021-10-09,126565.33,2929225.12,0.0,0.0
2021-10-10,126565.33,2775411.03,0.0,0.0
2021-10-11,126565.33,2718481.21,0.0,0.0
2021-10-12,126565.33,2855333.18,0.0,0.0
2021-10-13,126565.33,2776559.72,0.0,0.0
2021-10-14,126565.33,2808920.43,0.0,0.0
2021-10-15,126565.33,3034926.66,0.0,0.0
2021-10-16,126565.33,2946298.88,0.0,0.0
2021-10-17,126565.33,2984939.98,0.0,0.0
2021-10-18,126741.55,2942988.65,0.4926,24.35
2021-10-19,126939.01,2922983.32,0.9895,37.02
2021-10-20,126847.86,3271564.68,1.9832,67.46
2021-10-21,127099.95,3525218.36,1.9793,67.52
2021-10-22,126311.86,3630759.92,1.5115,55.57
2021-10-23,126335.15,3653056.65,1.9991,58.85
2021-10-24,126432.97,3734687.61,1.9976,58.88
2021-10-25,126988.08,3871870.31,1.9888,59.06
2021-10-26,126975.46,3696053.41,1.989,59.06
2021-10-27,126492.27,3416171.44,1.9966,58.9
2021-10-28,127701.8,3613134.37,1.9777,59.29
2021-10-29,127686.16,3708029.86,1.978,59.29
2021-10-30,127586.06,3624496.34,1.9795,59.25
2021-10-31,127733.17,3747254.17,1.9772,59.3
2021-11-01,127797.87,3766293.6,1.9762,59.32
2021-11-02,128501.43,4061310.19,1.9654,59.54
2021-11-03,129581.25,4460075.75,1.949,59.88
2021-11-04,130119.92,4547531.66,1.941,60.05
2021-11-05,130059.78,4356527.16,1.9419,60.03
2021-11-06,130531.44,4750125.42,1.9348,60.17
2021-11-07,130340.12,4590463.26,1.9377,60.11
2021-11-08,130232.98,4569117.94,1.9393,60.08
2021-11-09,129811.79,4406323.7,1.9456,59.95
2021-11-10,128751.94,4305900.78,1.9616,59.62
2021-11-11,128846.65,4316334.12,1.9601,59.65
2021-11-12,129445.58,4217635.43,1.9511,59.84
2021-11-13,129725.36,4451112.13,1.9469,59.93
2021-11-14,129653.97,4391537.78,1.9479,59.9
2021-11-15,129635.67,4375298.68,1.9482,59.9
2021-11-16,129658.08,4055214.06,1.9479,59.9
2021-11-17,129844.08,4044310.66,1.9451,59.96
2021-11-18,130245.77,3645216.62,1.9391,60.09
2021-11-19,130630.47,3995842.61,1.4615,57.07
2021-11-20,130630.47,4043776.44,1.4615,57.07
2021-11-21,130630.47,4276279.01,1.4615,57.07
2021-11-22,130300.93,4000240.77,1.4652,56.96
2021-11-23,130278.23,4106454.36,1.4654,56.96
2021-11-24,130516.24,3987962.39,1.4628,57.03
2021-11-25,130516.24,3836051.13,1.4628,57.03
2021-11-26,128753.39,3571237.07,1.4828,56.45
2021-11-27,128753.39,3599108.05,1.4828,56.45
2021-11-28,128753.39,3731846.63,1.4828,56.45
2021-11-29,129972.87,3803106.4,0.9885,32.26
2021-11-30,130190.89,3876842.31,0.9868,32.37
2021-12-01,129718.82,4242818.46,0.9904,32.12
2021-12-02,129507.71,4318946.54,0.5079,14.76
2021-12-03,129263.52,3914867.79,0.5089,14.6
2021-12-04,129263.52,3737878.83,0.5089,14.6
2021-12-05,129263.52,3651017.77,0.5089,14.6
2021-12-06,129640.46,3616634.23,0.488,14.41
2021-12-07,130302.64,3563501.62,0.4855,14.84
2021-12-08,130743.34,3633974.17,0.4839,15.13
2021-12-09,130684.58,3394129.87,0.4841,15.09
2021-12-10,131237.15,3163588.48,0.482,15.45
2021-12-11,131237.15,3233592.56,0.482,15.45
2021-12-12,131237.15,3259566.86,0.482,15.45
2021-12-13,130817.92,2933035.61,0.4836,15.18
2021-12-14,130658.59,2899271.52,0.4842,15.08
2021-12-15,131220.2,3345687.49,0.4821,15.44
2021-12-16,130424.68,3312921.27,0.485,14.92
2021-12-17,130298.12,3284460.56,0.4855,14.84
2021-12-18,130298.12,3412946.66,0.4855,14.84
2021-12-19,130298.12,3364981.0,0.4855,14.84
2021-12-20,130141.05,3251148.09,0.4861,14.74
2021-12-21,130507.17,3369510.35,0.4847,14.98
2021-12-22,130806.62,3346232.77,0.4836,15.17
2021-12-23,130878.94,3548004.9,0.4834,15.22
2021-12-24,130878.94,3552156.03,0.4834,15.22
2021-12-25,130878.94,3602060.89,0.4834,15.22
2021-12-26,130878.94,3687576.65,0.4834,15.22
2021-12-27,131336.59,3647943.31,0.4817,15.52
2021-12-28,131009.56,3330130.09,1.4714,44.83
2021-12-29,131046.0,3210775.74,1.471,44.85
2021-12-30,130802.62,3245848.72,1.4737,44.75
2021-12-31,130575.03,3201641.6,1.4763,44.65
2022-01-01,130575.03,3345672.54,1.4763,44.65
2022-01-02,130575.03,3308256.14,1.4763,44.65
2022-01-03,131359.2,3204974.74,1.4675,44.98
2022-01-04,130882.25,3160420.46,1.4728,44.78
2022-01-05,129564.73,2926711.37,0.9874,32.25
2022-01-06,129214.09,2845550.03,0.99,32.06
2022-01-07,129198.42,2596795.07,0.5005,16.96
2022-01-08,129198.42,2703880.5,0.5005,16.96
2022-01-09,129198.42,2674536.67,0.5005,16.96
2022-01-10,129006.48,2589769.7,0.0,0.0
2022-01-11,129006.48,2666633.01,0.0,0.0
2022-01-12,129006.48,2869729.72,0.0,0.0
2022-01-13,129006.48,2763658.21,0.0,0.0
2022-01-14,129006.48,2767840.95,0.0,0.0
2022-01-15,129006.48,2796618.68,0.0,0.0
2022-01-16,129006.48,2797588.55,0.0,0.0
2022-01-17,129006.48,2658610.96,0.0,0.0
2022-01-18,129006.48,2682124.28,0.0,0.0
2022-01-19,129006.48,2576774.0,0.0,0.0
2022-01-20,129006.48,2422413.66,0.0,0.0
2022-01-21,129006.48,2150757.98,0.0,0.0
2022-01-22,129006.48,1839039.09,0.0,0.0
2022-01-23,129006.48,1933668.43,0.0,0.0
2022-01-24,129006.48,1794905.3,0.0,0.0
2022-01-25,129006.48,1843608.12,0.0,0.0
2022-01-26,129006.48,1801714.58,0.0,0.0
2022-01-27,129006.48,1753416.51,0.0,0.0
2022-01-28,129006.48,1790511.51,0.0,0.0
2022-01-29,129006.48,1876566.76,0.0,0.0
2022-01-30,129006.48,1825293.61,0.0,0.0
2022-01-31,129006.48,1945265.85,0.0,0.0
2022-02-01,129006.48,2126083.54,0.0,0.0
2022-02-02,129006.48,1988564.64,0.0,0.0
2022-02-03,128748.57,1974787.87,0.4968,10.11
2022-02-04,128767.04,2163906.81,0.4968,10.13
2022-02-05,128767.04,2194049.77,0.4968,10.13
2022-02-06,128767.04,2218679.57,0.4968,10.13
2022-02-07,128394.67,2254081.04,0.4982,9.87
2022-02-08,128334.61,2190511.83,0.0,0.0
2022-02-09,128334.61,2203867.22,0.0,0.0
2022-02-10,128334.61,2061698.06,0.0,0.0
2022-02-11,128334.61,1881447.32,0.0,0.0
2022-02-12,128334.61,1873321.66,0.0,0.0
2022-02-13,128334.61,1826459.57,0.0,0.0
2022-02-14,128334.61,1883482.79,0.0,0.0
2022-02-15,128334.61,2039283.12,0.0,0.0
2022-02-16,128334.61,1988069.07,0.0,0.0
2022-02-17,128334.61,1829993.48,0.0,0.0
2022-02-18,128334.61,1767769.71,0.0,0.0
2022-02-19,128334.61,1792850.49,0.0,0.0
2022-02-20,128334.61,1782419.29,0.0,0.0
2022-02-21,128334.61,1646109.97,0.0,0.0
2022-02-22,128334.61,1702605.22,0.0,0.0
2022-02-23,128334.61,1669922.27,0.0,0.0
2022-02-24,128334.61,1751848.14,0.0,0.0
2022-02-25,128334.61,1814519.63,0.0,0.0
2022-02-26,128334.61,1771457.58,0.0,0.0
2022-02-27,128334.61,1690450.74,0.0,0.0
2022-02-28,128334.61,1936625.84,0.0,0.0
2022-03-01,128334.61,1917612.06,0.0,0.0
2022-03-02,128334.61,1956336.59,0.0,0.0
2022-03-03,128334.61,1864724.57,0.0,0.0
2022-03-04,128334.61,1733076.46,0.0,0.0
2022-03-05,128334.61,1757643.29,0.0,0.0
2022-03-06,128334.61,1668169.59,0.0,0.0
2022-03-07,128334.61,1617727.35,0.0,0.0
2022-03-08,128334.61,1619742.69,0.0,0.0
2022-03-09,128334.61,1732385.28,0.0,0.0
2022-03-10,128334.61,1637499.52,0.0,0.0
2022-03-11,128334.61,1595150.35,0.0,0.0
2022-03-12,128334.61,1609324.49,0.0,0.0
2022-03-13,128334.61,1563450.05,0.0,0.0
2022-03-14,128334.61,1597975.38,0.0,0.0
2022-03-15,128334.61,1636616.93,0.0,0.0
2022-03-16,128334.61,1730892.35,0.0,0.0
2022-03-17,128334.61,1732162.92,0.0,0.0
2022-03-18,128334.61,1772655.75,0.0,0.0
2022-03-19,128334.61,1818151.16,0.0,0.0
2022-03-20,128334.61,1751500.69,0.0,0.0
2022-03-21,128374.86,1754900.72,0.4982,4.48
2022-03-22,128329.71,1787906.42,0.4984,4.44
2022-03-23,128138.36,1865269.12,0.4991,4.3
2022-03-24,128844.5,1999172.46,0.9872,12.8
2022-03-25,128785.03,1935850.87,0.9877,12.76
2022-03-26,128785.03,1990283.09,0.9877,12.76
2022-03-27,128785.03,2083513.66,0.9877,12.76
2022-03-28,128951.13,2074774.52,0.9864,12.88
2022-03-29,129246.69,2169736.12,0.9841,13.07
2022-03-30,128967.6,2323924.29,0.9863,12.89
2022-03-31,128691.14,2354946.7,0.9884,12.7
2022-04-01,128549.73,2560027.67,0.9895,12.6
2022-04-02,128549.73,2520911.93,0.9895,12.6
2022-04-03,128549.73,2601111.75,0.9895,12.6
2022-04-04,128936.85,2528889.49,0.9865,12.87
2022-04-05,128426.81,2425589.55,0.9904,12.52
2022-04-06,127905.35,2174035.57,0.9944,12.16
2022-04-07,127731.14,2277267.13,0.4951,8.09
2022-04-08,127608.14,2115238.14,0.4956,8.0
2022-04-09,127608.14,2170824.06,0.4956,8.0
2022-04-10,127608.14,2149262.82,0.4956,8.0
2022-04-11,127347.74,1925503.26,0.4966,7.81
2022-04-12,127468.83,1993951.13,0.0,0.0
2022-04-13,127468.83,2027530.29,0.0,0.0
2022-04-14,127468.83,1946841.35,0.0,0.0
2022-04-15,127468.83,1957390.61,0.0,0.0
2022-04-16,127468.83,1973995.7,0.0,0.0
2022-04-17,127468.83,1941617.27,0.0,0.0
2022-04-18,127468.83,1973800.77,0.0,0.0
2022-04-19,127468.83,2089653.81,0.0,0.0
2022-04-20,127468.83,2032803.36,0.0,0.0
2022-04-21,127468.83,1962320.7,0.0,0.0
2022-04-22,127468.83,1936269.6,0.0,0.0
2022-04-23,127468.83,1938589.58,0.0,0.0
2022-04-24,127468.83,1912151.47,0.0,0.0
2022-04-25,127468.83,1950069.23,0.0,0.0
2022-04-26,127468.83,1847064.44,0.0,0.0
2022-04-27,127468.83,1890432.88,0.0,0.0
2022-04-28,127468.83,1894875.46,0.0,0.0
2022-04-29,127468.83,1813826.47,0.0,0.0
2022-04-30,127468.83,1657589.06,0.0,0.0
2022-05-01,127468.83,1737773.37,0.0,0.0
2022-05-02,127468.83,1704910.72,0.0,0.0
2022-05-03,127468.83,1675332.98,0.0,0.0
2022-05-04,127468.83,1803162.89,0.0,0.0
2022-05-05,127468.83,1650096.24,0.0,0.0
2022-05-06,127468.83,1599509.26,0.0,0.0
2022-05-07,127468.83,1550779.37,0.0,0.0
2022-05-08,127468.83,1484830.83,0.0,0.0
2022-05-09,127468.83,1267188.98,0.0,0.0
2022-05-10,127468.83,1331525.09,0.0,0.0
2022-05-11,127468.83,1035730.98,0.0,0.0
2022-05-12,127468.83,936493.31,0.0,0.0
2022-05-13,127468.83,1012241.46,0.0,0.0
2022-05-14,127468.83,1079249.1,0.0,0.0
2022-05-15,127468.83,1191300.84,0.0,0.0
2022-05-16,127468.83,1098487.75,0.0,0.0
2022-05-17,127468.83,1164307.0,0.0,0.0
2022-05-18,127468.83,1026558.56,0.0,0.0
2022-05-19,127468.83,1068551.9,0.0,0.0
2022-05-20,127468.83,1020192.03,0.0,0.0
2022-05-21,127468.83,1033851.83,0.0,0.0
2022-05-22,127468.83,1076562.31,0.0,0.0
2022-05-23,127468.83,1015147.27,0.0,0.0
2022-05-24,127468.83,1020876.3,0.0,0.0
2022-05-25,127468.83,994156.87,0.0,0.0
2022-05-26,127468.83,920100.33,0.0,0.0
2022-05-27,127468.83,882567.27,0.0,0.0
2022-05-28,127468.83,941481.14,0.0,0.0
2022-05-29,127468.83,951407.88,0.0,0.0
2022-05-30,127468.83,991185.31,0.0,0.0
2022-05-31,127468.83,966099.11,0.0,0.0
2022-06-01,127468.83,868492.2,0.0,0.0
2022-06-02,127468.83,885326.01,0.0,0.0
2022-06-03,127468.83,833688.61,0.0,0.0
2022-06-04,127468.83,845468.97,0.0,0.0
2022-06-05,127468.83,837567.0,0.0,0.0
2022-06-06,127468.83,907969.51,0.0,0.0
2022-06-07,127468.83,856993.93,0.0,0.0
2022-06-08,127468.83,845266.98,0.0,0.0
2022-06-09,127468.83,860358.73,0.0,0.0
2022-06-10,127468.83,803258.6,0.0,0.0
2022-06-11,127468.83,745977.41,0.0,0.0
2022-06-12,127468.83,692039.95,0.0,0.0
2022-06-13,127468.83,639466.89,0.0,0.0
2022-06-14,127468.83,666886.86,0.0,0.0
2022-06-15,127468.83,754622.62,0.0,0.0
2022-06-16,127468.83,669473.54,0.0,0.0
2022-06-17,127468.83,684256.59,0.0,0.0
2022-06-18,127468.83,702920.37,0.0,0.0
2022-06-19,127468.83,745606.56,0.0,0.0
2022-06-20,127468.83,766169.12,0.0,0.0
2022-06-21,127468.83,783546.64,0.0,0.0
2022-06-22,127468.83,747780.05,0.0,0.0
2022-06-23,127468.83,819968.66,0.0,0.0
2022-06-24,127468.83,896871.25,0.0,0.0
2022-06-25,127468.83,898987.6,0.0,0.0
2022-06-26,127468.83,847733.5,0.0,0.0
2022-06-27,127468.83,829473.44,0.0,0.0
2022-06-28,127468.83,769226.87,0.0,0.0
2022-06-29,127468.83,743040.02,0.0,0.0
2022-06-30,127468.83,735248.56,0.0,0.0
2022-07-01,127468.83,720784.76,0.0,0.0
2022-07-02,127468.83,730534.28,0.0,0.0
2022-07-03,127468.83,730999.09,0.0,0.0
2022-07-04,127468.83,790566.29,0.0,0.0
2022-07-05,127468.83,769633.97,0.0,0.0
2022-07-06,127468.83,800371.54,0.0,0.0
2022-07-07,127468.83,830339.23,0.0,0.0
2022-07-08,127468.83,826567.88,0.0,0.0
2022-07-09,127468.83,822804.34,0.0,0.0
2022-07-10,127468.83,798719.63,0.0,0.0
2022-07-11,127468.83,738022.28,0.0,0.0
2022-07-12,127468.83,724827.08,0.0,0.0
2022-07-13,127468.83,761771.66,0.0,0.0
2022-07-14,127468.83,801268.27,0.0,0.0
2022-07-15,127468.83,809297.59,0.0,0.0
2022-07-16,127468.83,847118.71,0.0,0.0
2022-07-17,127468.83,830831.49,0.0,0.0
2022-07-18,127468.83,919160.71,0.0,0.0
2022-07-19,127468.83,945209.89,0.0,0.0
2022-07-20,127468.83,899108.17,0.0,0.0
2022-07-21,127468.83,920216.36,0.0,0.0
2022-07-22,127468.83,870588.95,0.0,0.0
2022-07-23,127468.83,860468.14,0.0,0.0
2022-07-24,127468.83,877389.84,0.0,0.0
2022-07-25,127468.83,800903.21,0.0,0.0
2022-07-26,127468.83,788775.06,0.0,0.0
2022-07-27,127468.83,869143.69,0.0,0.0
2022-07-28,127468.83,915096.22,0.0,0.0
2022-07-29,127468.83,902105.26,0.0,0.0
2022-07-30,127468.83,934155.52,0.0,0.0
2022-07-31,127468.83,910397.91,0.0,0.0
2022-08-01,127468.83,899594.22,0.0,0.0
2022-08-02,127468.83,863662.35,0.0,0.0
2022-08-03,127468.83,846757.54,0.0,0.0
2022-08-04,127468.83,852628.73,0.0,0.0
2022-08-05,127468.83,881823.55,0.0,0.0
2022-08-06,127468.83,872990.81,0.0,0.0
2022-08-07,127468.83,882604.43,0.0,0.0
2022-08-08,127468.83,906796.4,0.0,0.0
2022-08-09,127468.83,872972.66,0.0,0.0
2022-08-10,127468.83,913549.08,0.0,0.0
2022-08-11,127468.83,920584.22,0.0,0.0
2022-08-12,127468.83,969128.17,0.0,0.0
2022-08-13,127468.83,989291.57,0.0,0.0
2022-08-14,127468.83,961799.63,0.0,0.0
2022-08-15,127468.83,944139.04,0.0,0.0
2022-08-16,127468.83,931960.6,0.0,0.0
2022-08-17,127468.83,881606.91,0.0,0.0
2022-08-18,127468.83,867869.13,0.0,0.0
2022-08-19,127468.83,799203.66,0.0,0.0
2022-08-20,127468.83,788329.31,0.0,0.0
2022-08-21,127468.83,810470.81,0.0,0.0
2022-08-22,127468.83,786891.34,0.0,0.0
2022-08-23,127468.83,789997.04,0.0,0.0
2022-08-24,127468.83,778216.54,0.0,0.0
2022-08-25,127468.83,788442.42,0.0,0.0
2022-08-26,127468.83,716205.43,0.0,0.0
2022-08-27,127468.83,712982.18,0.0,0.0
2022-08-28,127468.83,692826.53,0.0,0.0
2022-08-29,127468.83,726810.25,0.0,0.0
2022-08-30,127468.83,706249.8,0.0,0.0
2022-08-31,127468.83,705455.6,0.0,0.0
2022-09-01,127468.83,705257.4,0.0,0.0
2022-09-02,127468.83,696626.62,0.0,0.0
2022-09-03,127468.83,694550.92,0.0,0.0
2022-09-04,127468.83,712031.05,0.0,0.0
2022-09-05,127468.83,713567.8,0.0,0.0
2022-09-06,127468.83,689423.29,0.0,0.0
2022-09-07,127468.83,723904.77,0.0,0.0
2022-09-08,127468.83,739942.59,0.0,0.0
2022-09-09,127468.83,762996.08,0.0,0.0
2022-09-10,127468.83,769777.38,0.0,0.0
2022-09-11,127468.83,766960.04,0.0,0.0
2022-09-12,127468.83,812430.63,0.0,0.0
2022-09-13,127468.83,732434.71,0.0,0.0
2022-09-14,127468.83,744834.52,0.0,0.0
2022-09-15,127468.83,724080.94,0.0,0.0
2022-09-16,127468.83,709186.03,0.0,0.0
2022-09-17,127468.83,736207.27,0.0,0.0
2022-09-18,127468.83,689050.4,0.0,0.0
2022-09-19,127468.83,719309.38,0.0,0.0
2022-09-20,127468.83,696454.12,0.0,0.0
2022-09-21,127468.83,683915.14,0.0,0.0
2022-09-22,127468.83,709438.23,0.0,0.0
2022-09-23,127468.83,729840.75,0.0,0.0
2022-09-24,127468.83,726090.78,0.0,0.0
2022-09-25,127468.83,706335.7,0.0,0.0
2022-09-26,127468.83,732315.12,0.0,0.0
2022-09-27,127468.83,712971.96,0.0,0.0
2022-09-28,127468.83,723389.01,0.0,0.0
2022-09-29,127468.83,731029.05,0.0,0.0
2022-09-30,127468.83,715611.49,0.0,0.0
2022-10-01,127468.83,702589.98,0.0,0.0
2022-10-02,127468.83,695340.2,0.0,0.0
2022-10-03,127468.83,715187.77,0.0,0.0
2022-10-04,127468.83,740153.51,0.0,0.0
2022-10-05,127468.83,739355.64,0.0,0.0
2022-10-06,127468.83,725692.16,0.0,0.0
2022-10-07,127468.83,713544.33,0.0,0.0
2022-10-08,127468.83,706122.21,0.0,0.0
2022-10-09,127468.83,712009.52,0.0,0.0
2022-10-10,127468.83,693946.51,0.0,0.0
2022-10-11,127468.83,671838.54,0.0,0.0
2022-10-12,127468.83,678306.13,0.0,0.0
2022-10-13,127468.83,671182.68,0.0,0.0
2022-10-14,127468.83,656978.67,0.0,0.0
2022-10-15,127468.83,649406.9,0.0,0.0
2022-10-16,127468.83,659807.51,0.0,0.0
2022-10-17,127468.83,683131.66,0.0,0.0
2022-10-18,127468.83,665724.08,0.0,0.0
2022-10-19,127468.83,643261.54,0.0,0.0
2022-10-20,127468.83,628998.97,0.0,0.0
2022-10-21,127468.83,632405.14,0.0,0.0
2022-10-22,127468.83,630743.57,0.0,0.0
2022-10-23,127468.83,652757.9,0.0,0.0
2022-10-24,127468.83,637703.22,0.0,0.0
2022-10-25,127468.83,687509.84,0.0,0.0
2022-10-26,127468.83,688599.26,0.0,0.0
2022-10-27,127468.83,675433.22,0.0,0.0
2022-10-28,127468.83,708028.1,0.0,0.0
2022-10-29,127468.83,721098.95,0.0,0.0
2022-10-30,127468.83,723005.65,0.0,0.0
2022-10-31,127468.83,714439.74,0.0,0.0
2022-11-01,127468.83,706094.6,0.0,0.0
2022-11-02,127468.83,676009.85,0.0,0.0
2022-11-03,127468.83,674352.05,0.0,0.0
2022-11-04,127468.83,729048.93,0.0,0.0
2022-11-05,127468.83,781357.72,0.0,0.0
2022-11-06,127468.83,709819.9,0.0,0.0
2022-11-07,127468.83,657277.99,0.0,0.0
2022-11-08,127468.83,563079.87,0.0,0.0
2022-11-09,127468.83,379527.33,0.0,0.0
2022-11-10,127468.83,457543.96,0.0,0.0
2022-11-11,127468.83,437259.1,0.0,0.0
2022-11-12,127468.83,405929.91,0.0,0.0
2022-11-13,127468.83,381843.08,0.0,0.0
2022-11-14,127468.83,395475.14,0.0,0.0
2022-11-15,127468.83,403359.91,0.0,0.0
2022-11-16,127468.83,400515.44,0.0,0.0
2022-11-17,127468.83,388816.55,0.0,0.0
2022-11-18,127468.83,381290.23,0.0,0.0
2022-11-19,127468.83,374342.11,0.0,0.0
2022-11-20,127468.83,363859.34,0.0,0.0
2022-11-21,127468.83,354874.4,0.0,0.0
2022-11-22,127468.83,368567.89,0.0,0.0
2022-11-23,127468.83,404324.4,0.0,0.0
2022-11-24,127468.83,408369.72,0.0,0.0
2022-11-25,127468.83,397496.69,0.0,0.0
2022-11-26,127468.83,399180.02,0.0,0.0
2022-11-27,127468.83,398418.97,0.0,0.0
2022-11-28,127468.83,382789.2,0.0,0.0
2022-11-29,127468.83,380517.42,0.0,0.0
2022-11-30,127468.83,401831.31,0.0,0.0
2022-12-01,127468.83,391315.95,0.0,0.0
2022-12-02,127468.83,394390.66,0.0,0.0
2022-12-03,127468.83,387149.88,0.0,0.0
2022-12-04,127468.83,394435.85,0.0,0.0
2022-12-05,127468.83,394359.2,0.0,0.0
2022-12-06,127468.83,398408.15,0.0,0.0
2022-12-07,127468.83,384079.59,0.0,0.0
2022-12-08,127468.83,390179.98,0.0,0.0
2022-12-09,127468.83,387164.73,0.0,0.0
2022-12-10,127468.83,387108.79,0.0,0.0
2022-12-11,127468.83,384494.39,0.0,0.0
2022-12-12,127468.83,385232.9,0.0,0.0
2022-12-13,127468.83,396904.98,0.0,0.0
2022-12-14,127468.83,400256.99,0.0,0.0
2022-12-15,127468.83,392210.74,0.0,0.0
2022-12-16,127468.83,359263.79,0.0,0.0
2022-12-17,127468.83,363431.06,0.0,0.0
2022-12-18,127468.83,361831.36,0.0,0.0
2022-12-19,127468.83,351039.13,0.0,0.0
2022-12-20,127468.83,356874.49,0.0,0.0
2022-12-21,127468.83,356834.5,0.0,0.0
2022-12-22,127468.83,345938.75,0.0,0.0
2022-12-23,127468.83,345954.57,0.0,0.0
2022-12-24,127468.83,339963.14,0.0,0.0
2022-12-25,127468.83,338975.24,0.0,0.0
2022-12-26,127468.83,337550.64,0.0,0.0
2022-12-27,127468.83,329639.28,0.0,0.0
2022-12-28,127468.83,304207.15,0.0,0.0
2022-12-29,127468.83,306253.8,0.0,0.0
2022-12-30,127468.83,310226.72,0.0,0.0
2022-12-31,127468.83,311643.78,0.0,0.0
2023-01-01,127468.83,312014.15,0.0,0.0
2023-01-02,127468.83,334634.57,0.0,0.0
2023-01-03,127468.83,369004.6,0.0,0.0
2023-01-04,127468.83,371982.21,0.0,0.0
2023-01-05,127468.83,369058.92,0.0,0.0
2023-01-06,127468.83,374947.89,0.0,0.0
2023-01-07,127468.83,367349.77,0.0,0.0
2023-01-08,127468.83,388863.88,0.0,0.0
2023-01-09,127468.83,425952.5,0.0,0.0
2023-01-10,127468.83,425397.79,0.0,0.0
2023-01-11,127468.83,430689.37,0.0,0.0
2023-01-12,127468.83,436582.44,0.0,0.0
2023-01-13,127468.83,467649.01,0.0,0.0
2023-01-14,127468.83,572112.3,0.0,0.0
2023-01-15,127468.83,547996.04,0.0,0.0
2023-01-16,127468.83,560337.75,0.0,0.0
2023-01-17,127468.83,550230.35,0.0,0.0
2023-01-18,127468.83,512887.7,0.0,0.0
2023-01-19,127468.83,521621.84,0.0,0.0
2023-01-20,127468.83,599561.04,0.0,0.0
2023-01-21,127468.83,583430.99,0.0,0.0
2023-01-22,127468.83,576508.0,0.0,0.0
2023-01-23,127468.83,584124.56,0.0,0.0
2023-01-24,127468.83,556623.4,0.0,0.0
2023-01-25,127660.02,586996.17,0.4989,7.58
2023-01-26,127900.0,586183.34,0.4979,7.76
2023-01-27,128182.06,589861.99,0.4968,7.96
2023-01-28,128182.06,582395.61,0.4968,7.96
2023-01-29,128182.06,620083.36,0.4968,7.96
2023-01-30,127579.36,576618.31,0.4992,7.52
2023-01-31,127767.23,579205.02,0.4985,7.66
2023-02-01,128471.64,602412.53,0.4957,8.17
2023-02-02,128855.41,596118.15,0.4942,8.44
2023-02-03,128561.69,601261.0,0.9921,33.88
2023-02-04,128561.69,594896.98,0.9921,33.88
2023-02-05,128561.69,580451.49,0.9921,33.88
2023-02-06,128354.58,565073.2,0.9937,33.78
2023-02-07,129326.46,590849.55,0.9862,34.27
2023-02-08,128979.29,575539.94,0.9889,34.1
2023-02-09,128760.63,525946.69,0.9905,33.98
2023-02-10,128299.56,517463.02,0.9941,33.75
2023-02-11,128299.56,529729.86,0.9941,33.75
2023-02-12,128299.56,541293.93,0.9941,33.75
2023-02-13,128944.78,531708.59,0.9891,34.08
2023-02-14,129522.26,552800.3,0.9847,34.37
2023-02-15,129525.76,589786.76,0.9847,34.37
2023-02-16,128687.99,558291.3,0.9911,33.95
2023-02-17,128298.78,571370.21,0.9941,33.75
2023-02-18,128298.78,576834.92,0.9941,33.75
2023-02-19,128298.78,600705.98,0.9941,33.75
2023-02-20,128298.78,624199.83,0.9941,33.75
2023-02-21,127547.19,598007.11,0.4993,8.11
2023-02-22,127557.69,584857.94,0.0,0.0
2023-02-23,127557.69,587380.07,0.0,0.0
2023-02-24,127566.74,569781.9,0.4991,6.32
2023-02-25,127566.74,560500.33,0.4991,6.32
2023-02-26,127566.74,573340.27,0.4991,6.32
2023-02-27,127641.13,564748.62,0.4989,6.37
2023-02-28,127542.52,550249.88,0.4992,6.3
2023-03-01,127363.29,558594.97,0.4999,6.17
2023-03-02,127576.43,551958.36,0.4991,6.32
2023-03-03,127775.72,545707.96,0.4983,6.47
2023-03-04,127775.72,538128.4,0.4983,6.47
2023-03-05,127775.72,538334.23,0.4983,6.47
2023-03-06,127659.47,532618.78,0.4988,6.38
2023-03-07,127567.43,523551.44,0.4991,6.32
2023-03-08,127876.41,494379.21,0.4979,6.54
2023-03-09,127618.64,471076.85,0.4989,6.35
2023-03-10,127455.67,484652.93,0.4996,6.23
2023-03-11,127455.67,484341.01,0.4996,6.23
2023-03-12,127455.67,520873.96,0.4996,6.23
2023-03-13,127456.02,523790.33,0.4996,6.23
2023-03-14,127835.58,537401.52,0.4981,6.51
2023-03-15,127892.67,509787.62,0.4979,6.55
2023-03-16,128346.97,523651.43,0.4961,6.89
2023-03-17,128410.63,557038.73,0.4959,6.93
2023-03-18,128410.63,549447.14,0.4959,6.93
2023-03-19,128410.63,561845.67,0.4959,6.93
2023-03-20,128471.18,567815.45,0.4956,6.98
2023-03-21,128574.64,578445.4,0.4952,7.05
2023-03-22,128432.32,557632.85,0.9879,19.29
2023-03-23,128867.61,573566.67,0.9846,19.56
2023-03-24,128783.19,546125.2,0.9852,19.51
2023-03-25,128783.19,542055.85,0.9852,19.51
2023-03-26,128783.19,551324.05,0.9852,19.51
2023-03-27,128588.76,530811.95,0.9867,19.38
2023-03-28,128463.25,539398.37,0.9877,19.31
2023-03-29,128947.45,553713.26,0.984,19.61
2023-03-30,129236.47,545513.24,0.9818,19.79
2023-03-31,129851.08,559518.92,1.4707,32.07
2023-04-01,129851.08,556104.2,1.4707,32.07
2023-04-02,129851.08,548416.85,1.4707,32.07
2023-04-03,130077.28,547748.95,1.9665,49.19
2023-04-04,129670.62,554664.15,1.9726,49.03
2023-04-05,129076.63,553127.96,1.9817,48.79
2023-04-06,129410.6,548855.14,1.9766,48.93
2023-04-07,129410.6,546398.42,1.9766,48.93
2023-04-08,129410.6,538801.75,1.9766,48.93
2023-04-09,129410.6,543410.94,1.9766,48.93
2023-04-10,129361.78,553788.48,1.9773,48.91
2023-04-11,129004.97,589454.9,1.9828,48.76
2023-04-12,128472.8,604030.44,1.991,48.55
2023-04-13,129585.73,614716.19,1.9739,48.99
2023-04-14,129569.41,621611.4,1.9742,48.99
2023-04-15,129569.41,609460.95,1.9742,48.99
2023-04-16,129569.41,631936.87,1.9742,48.99
2023-04-17,129749.43,617784.04,1.9714,49.06
2023-04-18,130112.92,624492.05,1.9659,49.2
2023-04-19,130303.03,587822.91,1.9631,49.27
2023-04-20,129677.82,576197.87,1.9725,49.03
2023-04-21,129562.27,560086.84,1.9743,48.98
2023-04-22,129562.27,569517.65,1.9743,48.98
2023-04-23,129562.27,563626.83,1.9743,48.98
2023-04-24,129554.64,562077.38,1.9744,48.98
2023-04-25,128471.63,567645.12,1.991,48.55
2023-04-26,128871.68,558130.92,0.9914,19.31
2023-04-27,129406.85,580708.89,0.9873,19.64
2023-04-28,129708.46,600619.29,0.985,19.83
2023-04-29,129708.46,597407.23,0.985,19.83
2023-04-30,129708.46,591256.46,0.985,19.83
2023-05-01,130035.48,579193.64,1.9768,58.8
2023-05-02,129181.17,581055.18,1.9899,58.53
2023-05-03,128601.11,578640.77,1.9988,58.34
2023-05-04,128133.73,568632.05,1.5019,36.02
2023-05-05,129703.18,593742.26,1.4837,36.79
2023-05-06,129703.18,578814.11,1.4837,36.79
2023-05-07,129703.18,576535.35,1.4837,36.79
2023-05-08,129912.3,557562.67,1.4813,36.9
2023-05-09,129411.97,555773.15,1.4871,36.65
2023-05-10,129921.66,563333.45,1.4812,36.9
2023-05-11,129903.45,551395.14,1.4814,36.89
2023-05-12,129698.58,562511.97,1.9812,45.98
2023-05-13,129698.58,561757.83,1.9812,45.98
2023-05-14,129698.58,563241.04,1.9812,45.98
2023-05-15,129877.34,565531.07,1.9785,46.06
2023-05-16,130297.72,561119.12,1.9721,46.23
2023-05-17,131087.53,571463.49,1.9602,46.55
2023-05-18,132439.61,564427.37,1.9402,47.1
2023-05-19,132234.25,563333.46,1.9971,49.25
2023-05-20,132234.25,562204.46,1.9971,49.25
2023-05-21,132234.25,550357.81,1.9971,49.25
2023-05-22,132421.96,549458.86,1.9943,49.32
2023-05-23,131432.95,555070.05,2.0093,48.94
2023-05-24,131093.93,539627.29,1.9601,46.62
2023-05-25,134573.9,560529.98,1.9095,48.0
2023-05-26,135828.07,566722.94,1.8918,48.48
2023-05-27,135828.07,585268.63,1.8918,48.48
2023-05-28,135828.07,591811.27,1.8918,48.48
2023-05-29,135828.07,588094.9,1.8918,48.48
2023-05-30,136417.21,603008.63,1.8836,48.7
2023-05-31,135411.68,589318.39,1.8976,48.32
2023-06-01,136703.36,589950.45,1.8797,48.81
2023-06-02,136902.92,603150.52,1.877,48.88
2023-06-03,136902.92,601362.51,1.877,48.88
2023-06-04,136902.92,612988.38,1.877,48.88
2023-06-05,136692.24,582047.6,2.0021,50.42
2023-06-06,136602.55,586757.19,1.8811,48.9
2023-06-07,135174.62,550680.47,1.901,48.36
2023-06-08,136043.04,559143.26,1.8888,48.69
2023-06-09,136268.33,533254.49,1.8857,48.78
2023-06-10,136268.33,503049.43,1.8857,48.78
2023-06-11,136268.33,501343.86,1.8857,48.78
2023-06-12,137356.19,498564.08,1.9779,53.9
2023-06-13,138088.53,499575.83,1.9674,54.14
2023-06-14,138998.4,495498.98,1.9545,54.44
2023-06-15,139588.98,501010.8,1.9462,54.63
2023-06-16,139138.92,509647.57,1.9525,54.49
2023-06-17,139138.92,515645.6,1.9525,54.49
2023-06-18,139138.92,511925.41,1.9525,54.49
2023-06-19,139138.92,523050.03,1.9525,54.49
2023-06-20,139387.57,535340.28,1.9491,54.57
2023-06-21,138400.12,542847.93,1.963,54.25
2023-06-22,138912.92,533934.22,1.4913,45.62
2023-06-23,138311.1,540003.01,1.4977,45.38
2023-06-24,138311.1,531299.13,1.4977,45.38
2023-06-25,138311.1,536880.96,1.4977,45.38
2023-06-26,137284.2,518742.64,1.5089,44.97
2023-06-27,138456.52,529411.66,1.4962,45.44
2023-06-28,138357.12,517318.36,1.4972,45.4
2023-06-29,138264.97,551180.83,1.4982,45.36
2023-06-30,139640.96,573086.91,1.4835,45.9
2023-07-01,139640.96,569346.86,1.4835,45.9
2023-07-02,139640.96,582835.26,1.4835,45.9
2023-07-03,139600.99,579164.72,1.4839,45.88
2023-07-04,139600.99,577459.43,1.4839,45.88
2023-07-05,139449.86,574780.28,1.4855,45.83
2023-07-06,139183.25,586382.87,1.4884,45.72
2023-07-07,139117.12,617514.86,1.4891,45.7
2023-07-08,139117.12,624079.57,1.4891,45.7
2023-07-09,139117.12,615137.5,1.4891,45.7
2023-07-10,138833.29,612459.67,1.4921,45.58
2023-07-11,139022.25,627048.4,1.4901,45.66
2023-07-12,140061.06,630227.86,1.479,46.06
2023-07-13,141323.04,708761.1,1.4658,46.54
2023-07-14,141152.04,720204.25,1.4676,46.48
2023-07-15,141152.04,731693.92,1.4676,46.48
2023-07-16,141152.04,731566.47,1.4676,46.48
2023-07-17,142065.81,726034.67,1.4582,46.82
2023-07-18,142655.36,705460.64,1.4521,47.04
2023-07-19,142650.44,718849.51,1.4522,47.04
2023-07-20,141292.53,695355.49,1.4661,46.53
2023-07-21,140685.89,695169.8,1.4725,46.3
2023-07-22,140685.89,677483.91,1.4725,46.3
2023-07-23,140685.89,681545.4,1.4725,46.3
2023-07-24,140937.58,658801.81,1.4698,46.4
2023-07-25,141576.31,660331.21,1.4632,46.64
2023-07-26,141499.26,695086.79,1.464,46.61
2023-07-27,141286.44,694298.68,1.9668,54.14
2023-07-28,142608.46,694317.55,1.9485,54.57
2023-07-29,142608.46,699962.46,1.9485,54.57
2023-07-30,142608.46,684051.07,1.9485,54.57
2023-07-31,142697.82,674793.76,1.9473,54.59
2023-08-01,142366.88,678434.11,1.9519,54.49
2023-08-02,140395.09,655270.52,1.9793,53.85
2023-08-03,140270.97,646494.58,1.8761,49.02
2023-08-04,139621.5,647063.8,1.4258,36.18
2023-08-05,139621.5,644235.1,1.4258,36.18
2023-08-06,139621.5,653934.71,1.4258,36.18
2023-08-07,140364.84,654376.3,1.4183,36.52
2023-08-08,139883.11,672362.16,1.4231,36.3
2023-08-09,138740.43,668682.71,1.4349,35.78
2023-08-10,138749.93,672402.61,0.5097,7.66
2023-08-11,138739.27,667797.88,0.5098,7.66
2023-08-12,138739.27,673473.5,0.5098,7.66
2023-08-13,138739.27,661840.01,0.5098,7.66
2023-08-14,138884.41,686151.41,0.5092,7.75
2023-08-15,138757.31,663218.36,0.5097,7.67
2023-08-16,138668.75,642062.47,0.51,7.61
2023-08-17,138768.79,621581.06,0.5097,7.68
2023-08-18,138567.07,614325.17,0.5104,7.54
2023-08-19,138567.07,623850.48,0.5104,7.54
2023-08-20,138567.07,621997.05,0.5104,7.54
2023-08-21,138528.48,622382.63,0.0,0.0
2023-08-22,138528.48,607997.24,0.0,0.0
2023-08-23,138528.48,634472.27,0.0,0.0
2023-08-24,138528.48,619948.0,0.0,0.0
2023-08-25,138528.48,606885.86,0.0,0.0
2023-08-26,138528.48,604917.95,0.0,0.0
2023-08-27,138528.48,613792.57,0.0,0.0
2023-08-28,138528.48,612875.22,0.0,0.0
2023-08-29,138528.48,642117.93,0.0,0.0
2023-08-30,138619.15,628233.55,0.4959,9.9
2023-08-31,138648.44,609371.2,0.4958,9.92
2023-09-01,138596.93,600409.81,0.4959,9.89
2023-09-02,138596.93,603317.09,0.4959,9.89
2023-09-03,138596.93,604806.72,0.4959,9.89
2023-09-04,138596.93,603416.37,0.4959,9.89
2023-09-05,138758.19,617069.02,0.9918,27.93
2023-09-06,137725.75,599489.92,0.4991,9.86
2023-09-07,137806.54,600816.13,0.4988,9.91
2023-09-08,137919.67,594598.68,0.4984,9.99
2023-09-09,137919.67,591917.92,0.4984,9.99
2023-09-10,137919.67,570936.97,0.4984,9.99
2023-09-11,137974.21,562006.15,0.4982,10.02
2023-09-12,137814.63,562912.89,0.4988,9.92
2023-09-13,137953.0,572739.72,0.4983,10.01
2023-09-14,138093.39,581845.43,0.4978,10.1
2023-09-15,138022.68,582161.18,0.498,10.05
2023-09-16,138022.68,581662.18,0.498,10.05
2023-09-17,138022.68,576251.68,0.498,10.05
2023-09-18,138104.5,591831.83,0.4977,10.11
2023-09-19,138087.32,597471.81,0.4978,10.1
2023-09-20,137653.03,596275.54,0.4993,9.81
2023-09-21,137319.73,576507.66,0.5006,9.59
2023-09-22,137332.24,577358.42,0.0,0.0
2023-09-23,137332.24,577985.08,0.0,0.0
2023-09-24,137332.24,576239.41,0.0,0.0
2023-09-25,137332.24,579075.02,0.0,0.0
2023-09-26,137332.24,569100.57,0.0,0.0
2023-09-27,137332.24,572594.75,0.0,0.0
2023-09-28,137332.24,589576.08,0.0,0.0
2023-09-29,137332.24,596286.56,0.0,0.0
2023-09-30,137332.24,615466.89,0.0,0.0
2023-10-01,137332.24,658249.94,0.0,0.0
2023-10-02,137332.24,655040.9,0.0,0.0
2023-10-03,137332.24,653412.68,0.0,0.0
2023-10-04,137332.24,649222.26,0.0,0.0
2023-10-05,137332.24,643084.85,0.0,0.0
2023-10-06,137332.24,660655.24,0.0,0.0
2023-10-07,137332.24,658251.74,0.0,0.0
2023-10-08,137332.24,657535.4,0.0,0.0
2023-10-09,137332.24,637475.51,0.0,0.0
2023-10-10,137332.24,638596.95,0.0,0.0
2023-10-11,137332.24,640728.39,0.0,0.0
2023-10-12,137149.24,628199.56,1.498,31.94
2023-10-13,136437.17,632493.25,1.5058,31.58
2023-10-14,136437.17,635591.59,1.5058,31.58
2023-10-15,136437.17,634019.81,1.5058,31.58
2023-10-16,136762.3,672763.7,1.5022,31.74
2023-10-17,136143.66,666707.69,1.0057,23.63
2023-10-18,135828.72,651613.49,1.008,23.45
2023-10-19,135769.22,677108.54,1.0085,23.42
2023-10-20,135290.89,710092.3,0.5053,10.62
2023-10-21,135290.89,751319.44,0.5053,10.62
2023-10-22,135290.89,745193.84,0.5053,10.62
2023-10-23,135171.06,798756.84,0.0,0.0
2023-10-24,134788.7,771893.91,0.5007,4.9
2023-10-25,135294.93,802452.46,0.4989,5.25
2023-10-26,135363.35,801543.08,0.4986,5.3
2023-10-27,135136.51,784137.82,0.4994,5.14
2023-10-28,135117.59,782624.06,0.4995,5.13
2023-10-29,135373.67,803115.19,0.4986,5.31
2023-10-30,135842.27,843997.56,0.4968,5.64
2023-10-31,136621.29,905701.13,0.494,6.17
2023-11-01,137265.6,963278.37,0.4917,6.61
2023-11-02,136990.98,946407.26,0.4927,6.43
2023-11-03,136840.35,938864.15,0.4932,6.32
2023-11-04,137459.42,988402.8,0.491,6.75
2023-11-05,137216.77,968985.85,0.4919,6.58
2023-11-06,137411.68,987555.12,0.4912,6.71
2023-11-07,137622.79,1006143.5,0.4904,6.86
2023-11-08,137644.1,1009918.32,0.4903,6.87
2023-11-09,138053.83,1049364.25,0.9842,20.69
2023-11-10,140913.4,1251755.2,0.9642,22.3
2023-11-11,140794.88,1242271.14,0.965,22.23
2023-11-12,140806.14,1243172.55,0.9649,22.24
2023-11-13,139728.72,1168799.3,2.0074,64.12
2023-11-14,142286.77,1260025.67,1.9713,64.77
2023-11-15,144327.36,1411016.81,1.9434,65.27
2023-11-16,142895.51,1279301.03,1.9629,64.92
2023-11-17,143057.46,1287984.25,1.9607,64.96
2023-11-18,143078.66,1289680.45,1.9604,64.96
2023-11-19,143709.56,1340165.36,1.9518,65.12
2023-11-20,143423.65,1259030.11,1.9557,65.05
2023-11-21,142110.9,1178191.3,1.9737,64.72
2023-11-22,143622.59,1273903.84,1.953,65.09
2023-11-23,143405.96,1256568.87,1.9559,65.04
2023-11-24,143276.93,1258076.01,2.0005,66.17
2023-11-25,143710.56,1292775.22,1.9944,66.27
2023-11-26,143446.93,1271679.52,1.9981,66.21
2023-11-27,142783.93,1227452.93,2.0074,66.05
2023-11-28,143637.99,1281737.19,1.9954,66.25
2023-11-29,143692.82,1300116.41,1.9947,66.27
2023-11-30,143766.63,1296074.56,1.951,65.18
2023-12-01,144292.72,1306302.08,1.9099,64.79
2023-12-02,145175.04,1376905.54,1.8983,65.0
2023-12-03,145001.4,1363010.56,1.9005,64.96
2023-12-04,144057.23,1331791.73,1.913,64.73
2023-12-05,144408.02,1326602.72,1.9083,64.82
2023-12-06,144203.98,1339060.32,1.911,64.77
2023-12-07,146330.62,1448795.89,1.8833,65.28
2023-12-08,148312.39,1576678.59,1.8581,65.74
2023-12-09,147711.27,1528577.09,1.8657,65.6
2023-12-10,148247.45,1571481.77,1.8589,65.73
2023-12-11,147402.81,1492574.54,1.8696,65.53
2023-12-12,147532.37,1463658.36,1.8679,65.56
2023-12-13,149175.03,1505361.69,1.8474,65.94
2023-12-14,150340.63,1590972.67,1.833,66.2
2023-12-15,149509.73,1535376.91,1.8432,66.02
2023-12-16,149751.62,1554732.89,1.8402,66.07
2023-12-17,149210.04,1511395.28,1.8469,65.95
2023-12-18,150087.01,1573749.53,1.8361,66.15
2023-12-19,150252.74,1549628.02,1.8341,66.18
2023-12-20,151146.2,1706243.48,1.8233,66.38
2023-12-21,154337.4,1914002.19,1.7856,67.08
2023-12-22,155248.23,1986452.3,1.7751,67.27
2023-12-23,157348.56,2154520.89,1.7514,67.71
2023-12-24,158419.69,2240232.53,1.7396,67.93
2023-12-25,160316.5,2392015.84,1.719,68.31
2023-12-26,158726.03,2244898.29,1.7362,67.99
2023-12-27,157604.66,2145985.35,1.7485,67.76
2023-12-28,156570.73,2060098.98,1.7601,67.55
2023-12-29,157160.01,2133188.84,1.7535,67.67
2023-12-30,156181.86,2054917.24,1.7645,67.47
2023-12-31,156107.56,2048971.84,1.7653,67.45
2024-01-01,157860.19,2189217.32,1.7457,67.81
2024-01-02,155847.85,2132266.64,1.7683,67.4
2024-01-03,153408.6,1989581.66,0.8959,36.69
2024-01-04,154716.66,2102726.85,0.8883,37.22
2024-01-05,153563.7,2015806.78,0.4395,14.26
2024-01-06,152223.19,1908538.58,0.4434,13.5
2024-01-07,151219.86,1828252.65,0.4463,12.93
2024-01-08,151190.95,1988256.29,0.0,0.0
2024-01-09,151361.32,2019315.92,0.4976,9.06
2024-01-10,151673.5,2069296.59,0.4966,9.25
2024-01-11,151795.28,2033103.77,0.4962,9.32
2024-01-12,151766.38,1889602.53,0.4963,9.3
2024-01-13,151766.38,1959860.38,0.4963,9.3
2024-01-14,151766.38,1931875.48,0.4963,9.3
2024-01-15,151766.38,1938133.21,0.4963,9.3
2024-01-16,152197.76,1996520.68,0.4949,9.56
2024-01-17,152112.88,2072596.26,0.4951,9.51
2024-01-18,152384.81,1941021.73,0.4943,9.67
2024-01-19,153325.44,1934301.52,0.9842,26.77
2024-01-20,153325.44,1919995.81,0.9842,26.77
2024-01-21,153325.44,1889829.19,0.9842,26.77
2024-01-22,153150.07,1764174.92,1.9802,60.92
2024-01-23,153539.79,1776969.33,1.9752,61.02
2024-01-24,154303.01,1859279.28,1.9654,61.21
2024-01-25,154967.83,1828610.1,1.957,61.38
2024-01-26,154655.14,1923893.34,1.9609,61.3
2024-01-27,154655.14,1954050.2,1.9609,61.3
2024-01-28,154655.14,1985151.92,1.9609,61.3
2024-01-29,155724.85,2088118.87,1.9475,61.57
2024-01-30,155359.41,2085518.66,1.9521,61.47
2024-01-31,152651.86,1999370.16,1.485,49.84
2024-02-01,153793.41,2019087.91,1.474,50.21
2024-02-02,155407.45,2073269.55,1.4587,50.73
2024-02-03,155407.45,2028397.59,1.4587,50.73
2024-02-04,155407.45,1986286.02,1.4587,50.73
2024-02-05,156062.07,1996028.66,1.4526,50.93
2024-02-06,155826.45,2016814.96,1.4548,50.86
2024-02-07,156875.49,2094652.41,1.445,51.19
2024-02-08,156821.97,2125091.23,1.4455,51.17
2024-02-09,157932.13,2205437.82,1.4354,51.51
2024-02-10,158068.63,2243958.86,1.9336,56.09
2024-02-11,157959.0,2215285.68,1.935,56.06
2024-02-12,158169.85,2293412.01,1.9324,56.12
2024-02-13,157267.2,2301247.04,1.9435,55.87
2024-02-14,158627.13,2383337.98,1.9268,56.25
2024-02-15,158413.51,2322213.69,1.9294,56.19
2024-02-16,157763.58,2263614.56,1.9374,56.01
2024-02-17,157665.63,2237995.63,1.9386,55.98
2024-02-18,157879.4,2293910.07,1.936,56.04
2024-02-19,157833.22,2281829.67,1.9365,56.03
2024-02-20,156418.71,2220546.18,1.954,55.63
2024-02-21,155612.55,2157686.87,1.9642,55.4
2024-02-22,159737.01,2127040.37,1.9134,56.55
2024-02-23,159640.59,2097101.7,1.9146,56.53
2024-02-24,159630.52,2170333.18,1.4201,52.34
2024-02-25,159630.52,2158416.04,1.4201,52.34
2024-02-26,159553.52,2270168.64,1.4208,52.31
2024-02-27,159584.37,2243244.87,1.4205,52.32
2024-02-28,159126.2,2408823.03,1.4246,52.18
2024-02-29,159858.61,2547453.43,1.4181,52.4
2024-03-01,161655.6,2630464.06,1.8881,57.29
2024-03-02,161639.34,2625378.08,1.8883,57.29
2024-03-03,161681.38,2638533.43,1.8878,57.3
2024-03-04,162461.6,2691603.14,1.8787,57.5
2024-03-05,160579.95,2559812.56,1.4117,53.12
2024-03-06,161638.02,2654599.31,1.4025,53.42
2024-03-07,163432.61,2897999.18,1.3871,53.93
2024-03-08,161533.39,2907408.28,1.8991,56.96
2024-03-09,161508.08,2896319.14,1.8994,56.96
2024-03-10,161504.39,2894705.64,1.8994,56.96
2024-03-11,161090.18,2965556.73,1.9043,56.85
2024-03-12,163543.1,3021599.81,1.8758,57.49
2024-03-13,163525.29,3243321.16,1.876,57.49
2024-03-14,163138.19,3462275.36,1.8804,57.39
2024-03-15,162674.92,3570791.43,1.8858,57.27
2024-03-16,162631.54,3551788.82,1.8863,57.25
2024-03-17,163441.27,3906539.54,1.8769,57.47
2024-03-18,163790.8,3803161.23,1.8729,57.56
2024-03-19,163232.92,3350926.98,2.0022,59.68
2024-03-20,165048.93,3732510.57,1.9802,60.13
2024-03-21,165053.47,3517261.82,1.9801,60.13
2024-03-22,165634.61,3440272.87,1.9732,60.27
2024-03-23,165576.15,3414661.7,1.9739,60.26
2024-03-24,166003.0,3601668.32,1.9688,60.36
2024-03-25,166187.35,3699229.13,1.9666,60.4
2024-03-26,165480.27,3721234.48,1.975,60.23
2024-03-27,165121.52,3640818.27,1.9793,60.15
2024-03-28,165223.56,3697709.28,1.9781,60.17
2024-03-29,165327.81,3743383.58,1.9769,60.2
2024-03-30,165414.12,3781194.14,1.9758,60.22
2024-03-31,165753.66,3929951.67,1.9718,60.3
2024-04-01,165449.03,3750281.12,1.9754,60.22
2024-04-02,164261.64,3547267.39,1.9897,59.94
2024-04-03,164409.22,3617910.0,1.9879,59.97
2024-04-04,162589.79,3585387.82,2.0101,59.53
2024-04-05,162567.53,3426334.96,0.616,6.64
2024-04-06,162557.07,3503684.82,0.1234,2.35
2024-04-07,162557.07,3516556.72,0.1234,2.35
2024-04-08,162615.82,3534683.48,0.1234,2.38
2024-04-09,162659.57,3384538.49,0.1233,2.41
2024-04-10,162648.07,3405422.74,0.1233,2.4
2024-04-11,162729.82,3402652.36,0.1233,2.45
2024-04-12,162687.82,3063611.36,0.1233,2.42
2024-04-13,162687.82,2813121.24,0.1233,2.42
2024-04-14,162687.82,3022419.78,0.1233,2.42
2024-04-15,162616.07,2790413.21,0.1234,2.38
2024-04-16,162604.57,2753852.85,0.1234,2.37
2024-04-17,162631.32,2667510.73,0.1233,2.39
2024-04-18,162644.82,2847767.94,0.1233,2.4
2024-04-19,162596.82,2835312.42,0.1234,2.37
2024-04-20,162596.82,2983447.44,0.1234,2.37
2024-04-21,162596.82,2939211.5,0.1234,2.37
2024-04-22,162651.57,3096423.69,0.1233,2.4
2024-04-23,162701.07,3064445.67,0.1233,2.43
2024-04-24,162722.82,2936619.52,0.1233,2.44
2024-04-25,162644.57,2892987.33,0.1233,2.4
2024-04-26,163043.32,2809241.43,0.123,2.64
2024-04-27,163043.32,2847529.3,0.123,2.64
2024-04-28,163043.32,2787372.28,0.123,2.64
2024-04-29,162898.32,2785708.86,0.1231,2.55
2024-04-30,162814.07,2589993.31,0.1232,2.5
2024-05-01,162841.07,2715714.84,0.1232,2.52
2024-05-02,162910.07,2780809.38,0.1231,2.56
2024-05-03,162925.57,2896342.14,0.1231,2.57
2024-05-04,162925.57,2937743.63,0.1231,2.57
2024-05-05,162925.57,2930347.84,0.1231,2.57
2024-05-06,162947.07,3063403.79,0.1231,2.58
2024-05-07,162944.81,2978756.29,0.6227,9.24
2024-05-08,162881.17,2875619.83,0.6229,9.21
2024-05-09,162697.53,3057345.45,0.6236,9.1
2024-05-10,162690.69,2943293.68,1.1184,29.01
2024-05-11,162690.69,2927477.42,1.1184,29.01
2024-05-12,162690.69,2896046.26,1.1184,29.01
2024-05-13,162769.27,2964262.8,1.1178,29.05
2024-05-14,163061.34,2875579.43,1.1158,29.18
2024-05-15,164123.39,3168920.19,1.598,45.23
2024-05-16,164012.87,3184889.6,1.5991,45.19
2024-05-17,164186.17,3363298.89,1.9919,48.26
2024-05-18,164279.43,3416022.68,1.9908,48.29
2024-05-19,164203.55,3373126.69,1.9917,48.27
2024-05-20,165225.54,3667540.16,1.9794,48.59
2024-05-21,165191.7,3522483.47,1.9798,48.58
2024-05-22,164964.16,3498548.19,1.9825,48.51
2024-05-23,165562.53,3502913.46,1.9754,48.69
2024-05-24,166122.69,3367720.21,1.9687,48.86
2024-05-25,166142.56,3378948.39,1.9685,48.87
2024-05-26,165984.87,3289806.39,1.9703,48.82
2024-05-27,166190.87,3406260.23,1.9679,48.89
2024-05-28,167190.37,3401600.73,1.9561,49.19
2024-05-29,166855.2,3393196.57,1.9601,49.09
2024-05-30,165716.69,3361890.15,1.9735,48.74
2024-05-31,165545.97,3336846.62,1.4894,29.11
2024-06-01,165558.15,3343733.01,1.4893,29.11
2024-06-02,165471.95,3295001.78,1.4901,29.07
2024-06-03,166317.19,3338432.48,1.4825,29.43
2024-06-04,166787.6,3462909.94,1.4783,29.63
2024-06-05,168116.69,3509147.3,1.4666,30.19
2024-06-06,167773.93,3444843.74,1.969,54.96
2024-06-07,167397.24,3312868.05,1.9734,54.86
2024-06-08,167256.56,3233339.67,1.9751,54.82
2024-06-09,167384.11,3305447.39,1.9736,54.85
2024-06-10,167642.67,3251861.05,1.9705,54.92
2024-06-11,167566.18,3087428.13,1.9714,54.9
2024-06-12,168792.17,3201303.51,1.5733,52.49
2024-06-13,169482.73,3074239.51,1.5669,52.68
2024-06-14,169960.14,3006139.41,1.5625,52.81
2024-06-15,169960.14,3046757.15,1.5625,52.81
2024-06-16,169960.14,3146879.18,1.5625,52.81
2024-06-17,170535.83,3010005.75,1.5572,52.97
2024-06-18,171146.46,2918121.51,1.5517,53.14
2024-06-19,171146.46,2884923.36,1.5517,53.14
2024-06-20,170276.11,2834432.88,1.5596,52.9
2024-06-21,169590.62,2843704.05,1.5659,52.71
2024-06-22,169590.62,2827615.58,1.5659,52.71
2024-06-23,169590.62,2738594.71,1.5659,52.71
2024-06-24,168081.03,2781103.4,1.58,52.29
2024-06-25,169622.86,2878607.96,1.5656,52.72
2024-06-26,169765.47,2881349.94,1.5643,52.76
2024-06-27,169654.68,3101178.6,1.5653,52.73
2024-06-28,169209.43,2927209.75,1.5695,52.61
2024-06-29,169209.43,2932585.32,1.5695,52.61
2024-06-30,169209.43,3046184.65,1.5695,52.61
2024-07-01,169568.41,3051885.02,1.5661,52.71
2024-07-02,170005.37,3174492.16,1.5621,52.83
2024-07-03,171201.47,2962029.74,1.9817,62.81
2024-07-04,171201.47,2731047.49,1.9817,62.81
2024-07-05,171928.55,2847582.91,1.9734,62.97
2024-07-06,171928.55,3003056.76,1.9734,62.97
2024-07-07,171928.55,2802102.74,1.9734,62.97
2024-07-08,172399.51,2942777.98,1.968,63.07
2024-07-09,172907.81,2983927.36,1.9622,63.18
2024-07-10,174430.21,3006038.08,1.945,63.5
2024-07-11,171984.29,2876670.46,1.9727,62.98
2024-07-12,172852.01,2946125.41,1.9628,63.16
2024-07-13,172852.01,2988130.69,1.9628,63.16
2024-07-14,172852.01,3087973.29,1.9628,63.16
2024-07-15,173278.74,3303297.66,1.958,63.26
2024-07-16,173270.19,3308588.05,1.9998,63.62
2024-07-17,170288.04,3196929.81,2.0348,62.99
2024-07-18,169939.22,3263209.34,1.4419,51.72
2024-07-19,169642.83,3432087.53,0.971,35.56
2024-07-20,169661.65,3514555.99,0.9709,35.56
2024-07-21,169704.25,3701187.98,0.9706,35.58
2024-07-22,169903.85,3619495.85,0.4764,10.31
2024-07-23,169957.72,3508231.45,0.4762,10.34
2024-07-24,169493.57,3573788.97,0.4775,10.09
2024-07-25,169473.92,3460242.88,0.0426,0.41
2024-07-26,169518.61,3658769.45,0.0426,0.43
2024-07-27,169522.41,3675394.6,0.0426,0.43
2024-07-28,169525.61,3689425.95,0.0426,0.44
2024-07-29,169517.19,3649757.66,0.0426,0.43
2024-07-30,169502.5,3565621.41,0.0426,0.42
2024-07-31,169473.37,3473647.16,0.0426,0.41
2024-08-01,169456.76,3379024.78,0.0427,0.4
2024-08-02,169396.62,3108501.85,0.0427,0.36
2024-08-03,169352.36,2938230.54,0.0,0.0
2024-08-04,169352.36,2852940.73,0.0,0.0
2024-08-05,169352.36,2685892.14,0.0,0.0
2024-08-06,169352.36,2944451.28,0.0,0.0
2024-08-07,169352.36,2940961.47,0.0,0.0
2024-08-08,169352.36,3280124.99,0.0,0.0
2024-08-09,169352.36,3167636.76,0.0,0.0
2024-08-10,169352.36,3123859.95,0.0,0.0
2024-08-11,169352.36,2905990.92,0.0,0.0
2024-08-12,169352.36,3002920.76,0.0,0.0
2024-08-13,169352.36,3027917.12,0.0,0.0
2024-08-14,169352.36,2983012.05,0.0,0.0
2024-08-15,169352.36,2976694.74,0.0,0.0
2024-08-16,169352.36,2922000.38,0.0,0.0
2024-08-17,169352.36,2965249.62,0.0,0.0
2024-08-18,169352.36,2979065.44,0.0,0.0
2024-08-19,169352.36,3025057.92,0.0,0.0
2024-08-20,169195.31,2997809.98,0.9876,21.95
2024-08-21,169378.23,2992776.52,0.9865,22.04
2024-08-22,168830.15,2988711.17,0.9897,21.79
2024-08-23,169514.4,3177065.64,0.9857,22.1
2024-08-24,169514.4,3310683.44,0.9857,22.1
2024-08-25,169514.4,3278742.88,0.9857,22.1
2024-08-26,169248.18,3242016.77,0.9873,21.98
2024-08-27,169412.57,3065326.77,0.9863,22.06
2024-08-28,169063.39,3004486.95,0.9883,21.89
2024-08-29,168520.58,2917882.86,0.9915,21.64
2024-08-30,168913.45,2889067.62,0.9892,21.82
2024-08-31,168913.45,2841300.64,0.9892,21.82
2024-09-01,168913.45,2724172.69,0.9892,21.82
2024-09-02,168913.45,2834783.54,0.9892,21.82
2024-09-03,168081.55,2671512.7,0.4955,16.75
2024-09-04,167943.59,2771812.52,0.0,0.0
2024-09-05,167943.59,2699911.91,0.0,0.0
2024-09-06,167943.59,2609360.71,0.0,0.0
2024-09-07,167943.59,2657228.5,0.0,0.0
2024-09-08,167943.59,2696973.03,0.0,0.0
2024-09-09,167943.59,2794473.23,0.0,0.0
2024-09-10,167943.59,2809462.83,0.0,0.0
2024-09-11,167943.59,2778707.95,0.0,0.0
2024-09-12,167943.59,2849744.12,0.0,0.0
2024-09-13,167943.59,2902541.16,0.0,0.0
2024-09-14,167943.59,2868880.94,0.0,0.0
2024-09-15,167943.59,2769335.42,0.0,0.0
2024-09-16,167943.59,2761669.54,0.0,0.0
2024-09-17,167943.59,2760355.75,0.0,0.0
2024-09-18,167943.59,2798706.9,0.0,0.0
2024-09-19,167943.59,2969012.63,0.0,0.0
2024-09-20,167913.97,3029763.4,0.4974,22.67
2024-09-21,167913.97,3081639.8,0.4974,22.67
2024-09-22,167913.97,2998865.17,0.4974,22.67
2024-09-23,168009.11,2998940.04,0.4972,22.72
2024-09-24,168118.32,3152507.24,0.4968,22.77
2024-09-25,168033.9,3073204.22,0.4971,22.73
2024-09-26,168185.32,3207928.11,0.4966,22.8
2024-09-27,167909.9,3239629.69,0.9928,37.01
2024-09-28,167909.9,3224952.83,0.9928,37.01
2024-09-29,167909.9,3255037.62,0.9928,37.01
2024-09-30,168128.01,3151843.67,0.9916,37.09
2024-10-01,167383.1,3010233.83,1.4934,47.03
2024-10-02,167317.24,2928756.99,1.494,47.0
2024-10-03,167229.92,2875181.35,1.4948,46.98
2024-10-04,167978.81,2993613.76,1.4881,47.21
2024-10-05,167978.81,2985543.32,1.4881,47.21
2024-10-06,167978.81,3050920.28,1.4881,47.21
2024-10-07,166959.81,3011780.78,1.4972,46.89
2024-10-08,167971.06,3016381.49,1.9843,52.18
2024-10-09,168153.3,2945090.31,1.9822,52.23
2024-10-10,168218.87,2942773.08,1.9814,52.25
2024-10-11,168605.44,3056757.55,1.9768,52.36
2024-10-12,168605.44,3076369.83,1.9768,52.36
2024-10-13,168605.44,3095158.52,1.9768,52.36
2024-10-14,169510.6,3278265.36,1.9663,52.62
2024-10-15,168517.49,3214475.3,1.9779,52.34
2024-10-16,168921.51,3215699.46,1.9936,53.14
2024-10-17,168793.34,3149531.7,1.9951,53.1
2024-10-18,169233.92,3235067.45,1.9899,53.22
2024-10-19,169233.92,3316791.2,1.9899,53.22
2024-10-20,169233.92,3444727.52,1.9899,53.22
2024-10-21,169655.29,3446724.96,1.9849,53.34
2024-10-22,169759.34,3464880.22,1.9837,53.37
2024-10-23,168505.69,3516439.5,1.9985,53.02
2024-10-24,168830.81,3627956.93,1.9946,53.11
2024-10-25,169301.03,3414586.47,1.9891,53.24
2024-10-26,169301.03,3518840.39,1.9891,53.24
2024-10-27,169301.03,3621239.61,1.9891,53.24
2024-10-28,169517.45,3646982.24,1.9866,53.3
2024-10-29,170163.66,3672122.24,1.979,53.48
2024-10-30,170207.99,3589697.84,1.9785,53.49
2024-10-31,168048.46,3455960.31,2.0039,52.89
2024-11-01,168319.03,3424248.55,0.4947,10.38
2024-11-02,168319.03,3419836.16,0.4947,10.38
2024-11-03,168319.03,3359218.41,0.4947,10.38
2024-11-04,168109.93,3275658.41,0.4953,10.27
2024-11-05,168160.93,3443895.96,0.4951,10.3
2024-11-06,168851.47,3816189.54,0.4931,10.66
2024-11-07,169770.43,3991902.47,1.972,51.87
2024-11-08,169600.45,4051397.08,1.9969,52.05
2024-11-09,169600.96,4055881.67,1.9969,52.05
2024-11-10,169621.8,4238465.2,1.9966,52.06
2024-11-11,169672.46,4443287.51,1.996,52.07
2024-11-12,169882.7,4268507.25,1.9936,52.13
2024-11-13,169427.76,4314687.89,1.9989,52.0
2024-11-14,168737.33,4210679.91,2.0071,51.8
2024-11-15,167048.18,4351323.81,2.0274,51.32
2024-11-16,167043.69,4311962.59,2.0274,51.32
2024-11-17,167087.14,4692710.34,2.0269,51.33
2024-11-18,167525.74,4729010.04,2.0216,51.46
2024-11-19,168655.87,4717476.44,2.0081,51.78
2024-11-20,168337.49,4667425.75,2.0119,51.69
2024-11-21,167854.26,5046543.8,2.0176,51.55
2024-11-22,167399.28,5025010.19,1.5258,41.33
2024-11-23,167396.6,5001524.6,1.5258,41.33
2024-11-24,167392.08,4961937.16,1.5258,41.33
2024-11-25,167014.08,4625275.59,1.024,34.52
2024-11-26,167309.3,4568068.15,1.0222,34.63
2024-11-27,167051.91,4762170.95,1.522,50.84
2024-11-28,167042.84,4682641.5,1.522,50.84
2024-11-29,167750.53,4792315.89,1.5156,51.04
2024-11-30,167738.92,4690573.41,1.5157,51.04
2024-12-01,167737.57,4678765.23,1.5157,51.04
2024-12-02,168302.9,4483209.18,1.5106,51.2
2024-12-03,168765.99,4636066.29,1.5065,51.34
2024-12-04,169310.56,4560753.94,1.5016,51.49
2024-12-05,169199.19,4645416.51,1.5026,51.46
2024-12-06,169469.51,4693408.92,1.5002,51.54
2024-12-07,169472.5,4719640.99,1.5002,51.54
2024-12-08,169468.75,4686771.75,1.5002,51.54
2024-12-09,169514.7,4339651.43,1.4998,51.55
2024-12-10,169437.15,4271468.96,1.5005,51.53
2024-12-11,170981.14,4524217.17,1.9771,62.61
2024-12-12,170477.4,4510929.23,1.9829,62.49
2024-12-13,170469.86,4464702.72,1.983,62.49
2024-12-14,170459.87,4377141.34,1.9831,62.49
2024-12-15,170467.5,4444030.46,1.9831,62.49
2024-12-16,171969.35,4313522.4,1.9657,62.82
2024-12-17,171892.57,4423042.16,1.9666,62.8
2024-12-18,168623.47,4125438.62,2.0047,62.08
2024-12-19,169231.57,3918069.62,1.0099,28.27
2024-12-20,170025.93,3929282.5,0.9824,28.4
2024-12-21,170025.93,3703099.7,0.9824,28.4
2024-12-22,170025.93,3683252.64,0.9824,28.4
2024-12-23,170431.97,3865135.39,0.98,28.57
2024-12-24,170916.89,3995393.32,0.9772,28.77
2024-12-25,170916.89,4003981.19,0.9772,28.77
2024-12-26,170962.03,3841004.07,0.977,28.79
2024-12-27,170285.83,3754284.85,0.9809,28.5
2024-12-28,170285.83,3950296.49,0.9809,28.5
2024-12-29,170285.83,3857955.57,0.9809,28.5
2024-12-30,169743.63,3879412.26,0.984,28.28
2024-12-31,169347.03,3839143.69,0.9863,28.11
2025-01-01,169347.03,3919918.16,0.9863,28.11
2025-01-02,168597.65,4171585.5,0.9907,27.79
2025-01-03,168729.76,4363360.32,0.4967,11.14
2025-01-04,168729.76,4343655.78,0.4967,11.14
2025-01-05,168729.76,4287064.28,0.4967,11.14
2025-01-06,169227.6,4395208.86,0.4952,11.4
2025-01-07,168329.65,4080993.86,0.9964,16.63
2025-01-08,168079.45,3998814.45,0.4986,11.31
2025-01-09,168079.45,3779167.48,0.4986,11.31
2025-01-10,167892.27,3810386.17,0.4991,11.21
2025-01-11,167892.27,3817682.21,0.4991,11.21
2025-01-12,167892.27,3827581.15,0.4991,11.21
2025-01-13,167791.33,3719671.71,0.4994,11.16
2025-01-14,167659.03,3797124.54,0.4998,11.09
2025-01-15,168236.25,4135201.22,0.4981,11.39
2025-01-16,167977.53,4218335.76,0.4989,11.25
2025-01-17,168280.35,4378000.18,0.498,11.41
2025-01-18,168280.35,5118374.19,0.498,11.41
2025-01-19,167976.7,4920639.42,0.9867,15.31
2025-01-20,167759.96,4774553.5,0.9879,15.2
2025-01-21,168173.11,4924678.76,0.9855,15.41
2025-01-22,168381.88,5060808.21,0.9843,15.52
2025-01-23,168582.13,4995042.53,1.9745,54.5
2025-01-24,168525.87,4982075.96,1.9752,54.48
2025-01-25,168596.4,5029608.43,1.9743,54.5
2025-01-26,168201.45,4763410.35,1.979,54.39
2025-01-27,165516.25,4599452.92,1.0102,33.08
2025-01-28,166167.27,4491586.35,1.0062,33.35
2025-01-29,166015.45,4491556.72,1.0071,33.29
2025-01-30,166744.33,4689492.31,1.0027,33.58
2025-01-31,166859.83,4548977.86,1.002,33.62
2025-02-01,166859.83,4236116.36,1.002,33.62
2025-02-02,166859.83,4049211.62,1.002,33.62
2025-02-03,165956.12,4265823.81,0.505,11.88
2025-02-04,166460.82,4115362.37,0.5034,12.15
2025-02-05,164985.92,3932159.64,0.5079,11.36
2025-02-06,165012.38,3833355.44,0.5079,11.38
2025-02-07,164398.9,3874871.73,0.5097,11.05
2025-02-08,164398.9,4004469.15,0.5097,11.05
2025-02-09,164398.9,4020200.11,0.5097,11.05
2025-02-10,164568.35,4028022.97,0.0,0.0
2025-02-11,164568.35,3985338.08,0.0,0.0
2025-02-12,164568.35,3960531.3,0.0,0.0
2025-02-13,164568.35,3933095.21,0.0,0.0
2025-02-14,164633.8,4038512.76,0.4921,16.02
2025-02-15,164633.8,3942941.9,0.4921,16.02
2025-02-16,164633.8,3837871.07,0.4921,16.02
2025-02-17,164633.8,3648665.87,0.4921,16.02
2025-02-18,164693.58,3498993.65,0.4919,16.05
2025-02-19,164844.08,3497895.92,0.9864,43.55
2025-02-20,164543.17,3623104.86,0.9882,43.45
2025-02-21,163224.27,3480681.37,0.9962,42.99
2025-02-22,163224.27,3538007.68,0.9962,42.99
2025-02-23,163224.27,3465724.0,0.9962,42.99
2025-02-24,162766.15,2998574.77,0.0,0.0
2025-02-25,162766.15,3024892.24,0.0,0.0
2025-02-26,162766.15,2871565.48,0.0,0.0
2025-02-27,162766.15,2889294.34,0.0,0.0
2025-02-28,162766.15,3086292.36,0.0,0.0
2025-03-01,162766.15,3009985.64,0.0,0.0
2025-03-02,162766.15,3620182.23,0.0,0.0
2025-03-03,162766.15,2950787.4,0.0,0.0
2025-03-04,162766.15,3006320.8,0.0,0.0
2025-03-05,162766.15,3034664.94,0.0,0.0
2025-03-06,162766.15,2964961.96,0.0,0.0
2025-03-07,162766.15,2899358.76,0.0,0.0
2025-03-08,162766.15,2859629.87,0.0,0.0
2025-03-09,162766.15,2675507.03,0.0,0.0
2025-03-10,162766.15,2511166.96,0.0,0.0
2025-03-11,162766.15,2635249.7,0.0,0.0
2025-03-12,162766.15,2676132.53,0.0,0.0
2025-03-13,162766.15,2613823.83,0.0,0.0
2025-03-14,162766.15,2807909.23,0.0,0.0
2025-03-15,162766.15,2853438.59,0.0,0.0
2025-03-16,162766.15,2679518.73,0.0,0.0
2025-03-17,162766.15,2712669.72,0.0,0.0
2025-03-18,162766.15,2650215.56,0.0,0.0
2025-03-19,162766.15,2837575.71,0.0,0.0
2025-03-20,162766.15,2697744.29,0.0,0.0
2025-03-21,162766.15,2713429.8,0.0,0.0
2025-03-22,162766.15,2714387.9,0.0,0.0
2025-03-23,162766.15,2786489.2,0.0,0.0
2025-03-24,162766.15,2943614.15,0.0,0.0
2025-03-25,162766.15,2995337.07,0.0,0.0
2025-03-26,162766.15,2860591.22,0.0,0.0
2025-03-27,162766.15,2872861.49,0.0,0.0
2025-03-28,162766.15,2706760.19,0.0,0.0
2025-03-29,162766.15,2622020.69,0.0,0.0
2025-03-30,162766.15,2622984.27,0.0,0.0
2025-03-31,162766.15,2622041.07,0.0,0.0
2025-04-01,162766.15,2662590.45,0.0,0.0
2025-04-02,162766.15,2507516.78,0.0,0.0
2025-04-03,162766.15,2463455.69,0.0,0.0
2025-04-04,162766.15,2536065.66,0.0,0.0
2025-04-05,162766.15,2491765.95,0.0,0.0
2025-04-06,162766.15,2236838.57,0.0,0.0
2025-04-07,162766.15,2264590.53,0.0,0.0
2025-04-08,162766.15,2233036.74,0.0,0.0
2025-04-09,162766.15,2532512.85,0.0,0.0
2025-04-10,162766.15,2399461.97,0.0,0.0
2025-04-11,162766.15,2565040.26,0.0,0.0
2025-04-12,162766.15,2753045.36,0.0,0.0
2025-04-13,162766.15,2688559.65,0.0,0.0
2025-04-14,162766.15,2702965.37,0.0,0.0
2025-04-15,162766.15,2652342.94,0.0,0.0
2025-04-16,162766.15,2719589.88,0.0,0.0
2025-04-17,162766.15,2769218.49,0.0,0.0
2025-04-18,162766.15,2758261.45,0.0,0.0
2025-04-19,162766.15,2857743.32,0.0,0.0
2025-04-20,162766.15,2823120.99,0.0,0.0
2025-04-21,162766.15,2789498.51,0.0,0.0
2025-04-22,162766.15,3009690.37,0.0,0.0
2025-04-23,162766.15,3064995.31,0.0,0.0
2025-04-24,162766.15,3098088.01,0.0,0.0
2025-04-25,162766.15,3086694.65,0.0,0.0
2025-04-26,162766.15,3058206.24,0.0,0.0
2025-04-27,162766.15,3039918.93,0.0,0.0
2025-04-28,162766.15,3026485.74,0.0,0.0
2025-04-29,162766.15,3003585.35,0.0,0.0
2025-04-30,162766.15,3024584.86,0.0,0.0
2025-05-01,162766.15,3089003.9,0.0,0.0
2025-05-02,162766.15,3047031.16,0.0,0.0
2025-05-03,162766.15,3025055.84,0.0,0.0
2025-05-04,162766.15,2975759.86,0.0,0.0
2025-05-05,162766.15,3019672.7,0.0,0.0
2025-05-06,162766.15,3019185.11,0.0,0.0
2025-05-07,162766.15,3032203.19,0.0,0.0
2025-05-08,162766.15,3328198.36,0.0,0.0
2025-05-09,162766.15,3481579.82,0.0,0.0
2025-05-10,162766.15,3565583.7,0.0,0.0
2025-05-11,162766.15,3485052.83,0.0,0.0
2025-05-12,162766.15,3529468.66,0.0,0.0
2025-05-13,162766.15,3719283.8,0.0,0.0
2025-05-14,162766.15,3606533.99,0.0,0.0
2025-05-15,162766.15,3469966.77,0.0,0.0
2025-05-16,162766.15,3442982.71,0.0,0.0
2025-05-17,162766.15,3418393.82,0.0,0.0
2025-05-18,162766.15,3558026.27,0.0,0.0
2025-05-19,162766.15,3434742.71,0.0,0.0
2025-05-20,162766.15,3458745.72,0.0,0.0
2025-05-21,162766.15,3542364.49,0.0,0.0
2025-05-22,162766.15,3650767.89,0.0,0.0
2025-05-23,162766.15,3541395.25,0.0,0.0
2025-05-24,162766.15,3580246.54,0.0,0.0
2025-05-25,162766.15,3574692.61,0.0,0.0
2025-05-26,162766.15,3560364.98,0.0,0.0
2025-05-27,162766.15,3608326.54,0.0,0.0
2025-05-28,162766.15,3525066.61,0.0,0.0
2025-05-29,162766.15,3437698.17,0.0,0.0
2025-05-30,162766.15,3246308.71,0.0,0.0
2025-05-31,162766.15,3253392.71,0.0,0.0
2025-06-01,162766.15,3273468.67,0.0,0.0
2025-06-02,162766.15,3265243.02,0.0,0.0
2025-06-03,162766.15,3245867.03,0.0,0.0
2025-06-04,162766.15,3213352.53,0.0,0.0
2025-06-05,162766.15,3053085.91,0.0,0.0
2025-06-06,162766.15,3119518.67,0.0,0.0
2025-06-07,162766.15,3158439.21,0.0,0.0
2025-06-08,162766.15,3198675.9,0.0,0.0
2025-06-09,162766.15,3352817.93,0.0,0.0
2025-06-10,162766.15,3426623.98,0.0,0.0
2025-06-11,162766.15,3352674.9,0.0,0.0
2025-06-12,162766.15,3213070.93,0.0,0.0
2025-06-13,162766.15,3130747.96,0.0,0.0
2025-06-14,162766.15,3063022.95,0.0,0.0
2025-06-15,162766.15,3204105.79,0.0,0.0
2025-06-16,162766.15,3178755.24,0.0,0.0
2025-06-17,162766.15,3121024.32,0.0,0.0
2025-06-18,162766.15,3099400.4,0.0,0.0
2025-06-19,162766.15,3111989.12,0.0,0.0
2025-06-20,162766.15,2985863.72,0.0,0.0
2025-06-21,162766.15,2898108.74,0.0,0.0
2025-06-22,162766.15,2835979.09,0.0,0.0
2025-06-23,162766.15,3069109.04,0.0,0.0
2025-06-24,162766.15,3098948.22,0.0,0.0
2025-06-25,162690.77,3073377.86,0.4938,14.64
2025-06-26,162913.41,2998584.78,0.4931,14.75
2025-06-27,162995.69,3061940.13,0.4929,14.8
2025-06-28,162995.69,3213282.36,0.4929,14.8
2025-06-29,162995.69,3257540.77,0.4929,14.8
2025-06-30,163090.36,3283189.9,0.9904,24.09
2025-07-01,162440.21,3134906.15,0.9944,23.78
2025-07-02,162983.1,3239941.81,0.9911,24.04
2025-07-03,163527.71,3249413.77,1.4781,45.26
2025-07-04,163527.71,3168132.84,1.4781,45.26
2025-07-05,163527.71,3165991.49,1.4781,45.26
2025-07-06,163527.71,3240145.91,1.4781,45.26
2025-07-07,162982.55,3182586.1,1.483,45.07
2025-07-08,163144.69,3237772.13,1.4815,45.13
2025-07-09,163794.93,3342209.26,1.4757,45.34
2025-07-10,163972.43,3464686.98,1.4741,45.4
2025-07-11,163874.33,3446211.68,1.4749,45.37
2025-07-12,163874.33,3407683.69,1.4749,45.37
2025-07-13,163874.33,3416606.6,1.4749,45.37
2025-07-14,163947.47,3433448.75,1.4743,45.4
2025-07-15,164452.91,3479306.54,1.4697,45.56
2025-07-16,164656.03,3652661.62,1.4679,45.63
2025-07-17,165219.43,3693954.35,1.4629,45.82
2025-07-18,165114.32,3720960.25,1.4639,45.78
2025-07-19,165114.32,3715495.37,1.4639,45.78
2025-07-20,165114.32,3793933.02,1.4639,45.78
2025-07-21,165209.96,4046601.11,1.463,45.81
2025-07-22,164673.18,4206527.0,1.4678,45.64
2025-07-23,165436.32,3932805.69,1.461,45.89
2025-07-24,165781.87,3819104.03,1.458,46.0
2025-07-25,165966.31,3892232.09,1.4563,46.06
2025-07-26,165966.31,3859535.32,1.4563,46.06
2025-07-27,165966.31,3926471.77,1.4563,46.06
2025-07-28,166344.14,3826002.91,1.453,46.18
2025-07-29,166095.22,3801821.5,1.4552,46.1
2025-07-30,166441.86,3746986.23,1.4522,46.21
2025-07-31,166045.52,3649152.5,1.4557,46.09
2025-08-01,164591.75,3468020.7,1.4685,45.61
2025-08-02,164591.75,3391017.13,1.4685,45.61
2025-08-03,164591.75,3451861.1,1.4685,45.61
2025-08-04,165544.59,3601570.39,0.4904,10.33
2025-08-05,165379.29,3503164.94,0.4909,10.24
2025-08-06,165489.49,3581298.98,0.4906,10.3
2025-08-07,165617.74,3714630.42,0.4902,10.37
2025-08-08,165801.09,3746149.52,0.4897,10.47
2025-08-09,165801.09,3806066.42,0.4897,10.47
2025-08-10,165801.09,3853744.62,0.4897,10.47
2025-08-11,165715.9,3712418.13,0.9888,22.69
2025-08-12,166056.74,4013177.97,0.9868,22.85
2025-08-13,165542.91,4180549.49,1.9917,63.22
2025-08-14,165663.27,4023916.1,1.9903,63.24
2025-08-15,165393.45,3899761.49,1.9935,63.18
2025-08-16,165393.45,3970310.27,1.9935,63.18
2025-08-17,165393.45,3994806.37,1.9935,63.18
2025-08-18,165481.4,3856492.7,1.9925,63.2
2025-08-19,164079.57,3717361.98,2.0095,62.89
2025-08-20,163513.03,3915734.76,1.0123,34.95
2025-08-21,163407.98,3786147.12,1.0129,34.9
2025-08-22,164614.4,4154247.24,1.0055,35.38
2025-08-23,164614.4,4211890.16,1.0055,35.38
2025-08-24,164614.4,4245460.53,1.0055,35.38
2025-08-25,164692.08,3924666.95,1.005,35.41
2025-08-26,164711.75,4081189.54,1.0049,35.42
2025-08-27,164831.35,4204303.47,1.0042,35.47
2025-08-28,165384.33,4404074.51,1.0008,35.68
2025-08-29,164993.55,4227768.12,1.4913,39.56
2025-08-30,164920.39,4186412.89,1.492,39.54
2025-08-31,164858.5,4151423.69,1.4925,39.51
2025-09-01,164742.09,4085615.94,1.4936,39.47
2025-09-02,164690.86,4292347.92,1.4941,39.45
2025-09-03,166881.63,4322144.64,1.4744,40.25
2025-09-04,167105.54,4182777.0,1.4725,40.33
2025-09-05,167298.29,4188433.75,1.4708,40.4
2025-09-06,167197.47,4131440.62,1.4717,40.36
2025-09-07,167390.35,4240475.41,1.47,40.43
2025-09-08,167624.88,4378540.42,1.4679,40.51
2025-09-09,168371.46,4439196.48,1.4614,40.78
2025-09-10,168642.86,4571634.2,1.459,40.87
2025-09-11,169226.27,4656543.74,1.454,41.08
2025-09-12,169722.17,4896857.26,1.9408,62.31
2025-09-13,169731.24,4901985.22,1.9407,62.31
2025-09-14,169668.06,4866266.81,1.9414,62.29
2025-09-15,171076.88,4761682.43,1.9254,62.61
2025-09-16,171029.75,4800850.46,1.9259,62.59
2025-09-17,170989.48,4927000.33,1.9264,62.59
2025-09-18,171831.31,4991452.72,1.9169,62.77
2025-09-19,172150.73,4836333.51,1.9134,62.84
2025-09-20,172182.97,4854555.05,1.913,62.85
2025-09-21,172089.44,4801683.37,1.9141,62.83
2025-09-22,171725.77,4539455.4,1.9181,62.75
2025-09-23,171149.5,4406667.62,1.5336,60.58
2025-09-24,170414.94,4366632.59,1.5402,60.41
2025-09-25,170004.2,4029212.6,1.5439,60.31
2025-09-26,170429.12,4258061.62,1.5401,60.41
2025-09-27,170429.12,4227056.97,1.5401,60.41
2025-09-28,170429.12,4352433.99,1.5401,60.41
2025-09-29,170440.48,4401458.64,1.54,60.42
2025-09-30,170592.17,4337681.81,1.5386,60.45
2025-10-01,171231.46,4567020.77,1.9873,69.37
2025-10-02,171662.67,4802964.0,1.9823,69.45
2025-10-03,171380.91,4767233.91,1.9855,69.4
2025-10-04,171380.91,4679633.48,1.9855,69.4
2025-10-05,171380.91,4690112.94,1.9855,69.4
2025-10-06,172123.74,4755171.04,1.977,69.53
2025-10-07,171269.22,4541308.24,1.9868,69.38
2025-10-08,172158.44,4703279.07,1.9766,69.54
2025-10-09,171916.11,4567691.22,1.9794,69.5
2025-10-10,168192.24,3971585.56,1.9422,66.93
2025-10-11,168192.24,3785656.83,1.9422,66.93
2025-10-12,168192.24,4126583.44,1.9422,66.93
2025-10-13,169892.67,4333927.83,0.458,8.98
2025-10-14,169221.18,4209938.1,0.4598,8.62
2025-10-15,169585.1,4064008.5,0.0,0.0
2025-10-16,169585.1,3904546.54,0.0,0.0
2025-10-17,169585.1,3863755.09,0.0,0.0
2025-10-18,169585.1,3962338.76,0.0,0.0
2025-10-19,169585.1,3964755.53,0.0,0.0
2025-10-20,169585.1,4001903.58,0.0,0.0
2025-10-21,169624.87,3925109.03,0.4957,12.39
2025-10-22,169279.27,3824822.97,0.4967,12.21
2025-10-23,169369.67,4027760.23,0.4964,12.26
2025-10-24,169628.87,4079492.78,0.4956,12.4
2025-10-25,169628.87,4087907.1,0.4956,12.4
2025-10-26,169628.87,4192847.7,0.4956,12.4
2025-10-27,170108.07,4188637.67,0.4942,12.64
2025-10-28,169980.5,4136927.43,1.9802,58.88
2025-10-29,170608.99,4153595.73,1.9729,59.04
2025-10-30,170352.7,3972903.94,2.001,59.46
2025-10-31,170494.6,4017268.86,1.9994,59.49
2025-11-01,170494.6,4002733.73,1.9994,59.49
2025-11-02,170494.6,4028072.68,1.9994,59.49
2025-11-03,170755.61,3658719.35,1.9963,59.55
2025-11-04,169460.28,3448190.09,2.0116,59.24
2025-11-05,170159.96,3567479.25,2.0033,59.41
2025-11-06,169192.8,3417066.99,0.9916,23.02
2025-11-07,168727.68,3531575.6,0.9943,22.81
2025-11-08,168727.68,3468388.38,0.9943,22.81
2025-11-09,168727.68,3579691.8,0.9943,22.81
2025-11-10,169491.95,3662750.1,0.9898,23.16
2025-11-11,170031.36,3425620.7,0.9867,23.4
2025-11-12,169608.36,3402591.54,0.9891,23.21
2025-11-13,169070.22,3238464.69,0.9923,22.97
2025-11-14,168895.26,3133231.82,0.9933,22.89
2025-11-15,168895.26,3148278.23,0.9933,22.89
2025-11-16,168895.26,3108507.09,0.9933,22.89
2025-11-17,169024.47,2987583.11,0.9925,22.95
2025-11-18,168977.73,3146385.63,0.9928,22.92
2025-11-19,169587.66,3093025.72,0.9892,23.2
2025-11-20,169197.9,3018283.02,0.9915,23.02
2025-11-21,170239.91,2930865.47,0.9855,23.5
2025-11-22,170239.91,2914229.49,0.9855,23.5
2025-11-23,170239.91,2969499.09,0.9855,23.5
2025-11-24,171748.43,3121029.49,0.9768,24.17
2025-11-25,172128.89,3120734.09,0.9746,24.33
2025-11-26,171962.4,3198884.85,0.9756,24.26
2025-11-27,171962.4,3160930.7,0.9756,24.26
2025-11-28,172080.43,3093322.46,0.9749,24.31
2025-11-29,172080.43,3070391.99,0.9749,24.31
2025-11-30,172080.43,3026284.94,0.9749,24.31
2025-12-01,172097.74,2912575.69,0.9748,24.32
2025-12-02,172401.06,3127543.14,0.9731,24.45
2025-12-03,172470.88,3232822.03,0.9727,24.48
2025-12-04,172072.27,3137659.47,0.975,24.31
2025-12-05,172141.32,3036346.19,0.9746,24.34
2025-12-06,172141.32,3019267.79,0.9746,24.34
2025-12-07,172141.32,3014801.12,0.9746,24.34
2025-12-08,171255.1,3040799.65,1.9801,58.73
2025-12-09,171403.19,3121168.45,1.9784,58.77
2025-12-10,172052.99,3094859.66,1.9709,58.92
2025-12-11,171520.84,3083715.39,1.977,58.8
2025-12-12,170504.96,2995955.11,1.9888,58.55
2025-12-13,170504.96,3012133.16,1.9888,58.55
2025-12-14,170504.96,2946129.67,1.9888,58.55
2025-12-15,169933.43,2917428.35,1.9955,58.41
2025-12-16,169653.43,2946798.67,1.4948,44.38
2025-12-17,168831.01,2817828.47,0.9937,23.6
2025-12-18,169136.41,2766215.34,0.4971,12.87
2025-12-19,169254.81,2901751.8,0.4967,12.94
2025-12-20,169254.81,2895027.45,0.4967,12.94
2025-12-21,169254.81,2898225.04,0.4967,12.94
2025-12-22,169038.81,2902057.49,0.4974,12.82
2025-12-23,169150.01,2883651.92,0.497,12.88
2025-12-24,169295.89,2858237.61,0.9927,21.52
2025-12-25,169295.89,2814225.34,0.9927,21.52
2025-12-26,169328.95,2858110.93,1.4884,46.04
2025-12-27,169328.95,2901076.58,1.4884,46.04
2025-12-28,169328.95,2910743.81,1.4884,46.04
2025-12-29,169032.28,2868394.03,1.491,45.95
2025-12-30,168875.12,2898109.72,1.4924,45.9
2025-12-31,168392.04,2886449.78,1.4967,45.74
2026-01-01,168392.04,2926346.87,1.4967,45.74
2026-01-02,168579.99,3026665.87,1.495,45.8
2026-01-03,168579.99,3047078.49,1.495,45.8
2026-01-04,168579.99,3057613.03,1.495,45.8
2026-01-05,168496.78,3127633.51,1.4958,45.77
2026-01-06,168282.42,3178824.84,1.4977,45.71
2026-01-07,168328.24,3101106.46,0.9978,33.23
2026-01-08,168010.65,3126099.43,0.9997,33.1
2026-01-09,168270.39,3082920.22,0.9981,33.21
2026-01-10,168270.39,3082405.21,0.9981,33.21
2026-01-11,168270.39,3148357.62,0.9981,33.21
2026-01-12,168341.94,3143576.05,0.9977,33.24
2026-01-13,168348.82,3255976.02,1.489,42.21
2026-01-14,167932.78,3272715.56,1.4927,42.06
2026-01-15,168208.95,3203938.03,1.4902,42.16
2026-01-16,167985.91,3244717.26,1.4922,42.08
2026-01-17,167985.91,3224830.62,1.4922,42.08
2026-01-18,167985.91,3124411.24,1.4922,42.08
2026-01-19,167985.91,3042804.88,1.4922,42.08
2026-01-20,166056.4,2882589.87,1.0038,16.98
2026-01-21,166398.29,2963069.65,0.4971,8.88
2026-01-22,166495.49,2949060.25,0.4968,8.93
2026-01-23,166378.04,2939192.37,0.4971,8.87
2026-01-24,166378.04,2933799.02,0.4971,8.87
2026-01-25,166378.04,2788680.02,0.4971,8.87
2026-01-26,166617.89,2883469.12,0.4964,9.0
2026-01-27,166675.94,2941303.9,0.4962,9.03
2026-01-28,166637.57,2914904.98,0.9876,24.65
2026-01-29,166582.98,2786366.65,0.9879,24.63
2026-01-30,166261.77,2778181.87,0.9898,24.48
2026-01-31,166261.77,2569266.51,0.9898,24.48
2026-02-01,166261.77,2488809.71,0.9898,24.48
2026-02-02,166692.89,2543316.45,0.9873,24.68
2026-02-03,166025.69,2406880.77,0.4982,9.21
2026-02-04,165725.54,2293483.92,0.4991,9.04
2026-02-05,164611.97,2043337.6,0.498,9.89
2026-02-06,164742.36,2239394.52,0.4976,9.96
2026-02-07,164742.36,2242462.28,0.4976,9.96
2026-02-08,164742.36,2232022.53,0.4976,9.96
2026-02-09,164535.86,2237594.79,0.4982,9.85
2026-02-10,164480.4,2165381.63,0.4984,9.82
2026-02-11,164587.78,2103421.7,0.4981,9.88
2026-02-12,163908.02,2074295.37,0.0,0.0
2026-02-13,163908.02,2166563.9,0.0,0.0
2026-02-14,163908.02,2233827.78,0.0,0.0
2026-02-15,163908.02,2196049.72,0.0,0.0
2026-02-16,163908.02,2203474.65,0.0,0.0
2026-02-17,163908.02,2188208.16,0.0,0.0
2026-02-18,163908.02,2133071.15,0.0,0.0
2026-02-19,163908.02,2146002.1,0.0,0.0
2026-02-20,163908.02,2195086.81,0.0,0.0
2026-02-21,163908.02,2205181.34,0.0,0.0
2026-02-22,163908.02,2162769.48,0.0,0.0
2026-02-23,163908.02,2077157.56,0.0,0.0
2026-02-24,163908.02,2104978.43,0.0,0.0
2026-02-25,163908.02,2269408.79,0.0,0.0
2026-02-26,163163.32,2205210.03,0.4986,8.73
2026-02-27,162862.11,2115538.22,0.0,0.0
2026-02-28,162862.11,2157854.36,0.0,0.0
2026-03-01,162862.11,2144035.99,0.0,0.0
2026-03-02,162862.11,2209452.65,0.0,0.0
2026-03-03,162862.11,2208253.78,0.0,0.0
2026-03-04,162862.11,2283106.68,0.0,0.0
2026-03-05,162862.11,2244744.54,0.0,0.0
2026-03-06,162862.11,2158214.35,0.0,0.0
2026-03-07,162862.11,2131895.37,0.0,0.0
2026-03-08,162862.11,2104638.47,0.0,0.0
2026-03-09,162862.11,2178367.71,0.0,0.0
2026-03-10,162862.11,2199767.15,0.0,0.0
2026-03-11,162862.11,2216009.41,0.0,0.0
2026-03-12,162862.11,2210049.55,0.0,0.0
2026-03-13,162862.11,2223193.1,0.0,0.0
2026-03-14,162862.11,2221745.53,0.0,0.0
2026-03-15,162862.11,2295017.52,0.0,0.0
2026-03-16,162862.11,2374476.42,0.0,0.0
2026-03-17,162862.11,2346858.72,0.0,0.0
2026-03-18,162862.11,2258568.7,0.0,0.0
2026-03-19,162862.11,2233260.97,0.0,0.0
2026-03-20,162862.11,2231678.31,0.0,0.0
2026-03-21,162862.11,2189826.52,0.0,0.0
2026-03-22,162862.11,2166396.01,0.0,0.0
2026-03-23,162862.11,2268509.08,0.0,0.0
2026-03-24,162862.11,2253251.98,0.0,0.0
2026-03-25,162862.11,2278281.73,0.0,0.0
2026-03-26,162862.11,2163095.88,0.0,0.0
2026-03-27,162862.11,2089487.44,0.0,0.0
2026-03-28,162862.11,2071906.47,0.0,0.0
2026-03-29,162862.11,2061510.97,0.0,0.0
2026-03-30,162862.11,2072367.2,0.0,0.0
2026-03-31,162862.11,2115059.28,0.0,0.0
2026-04-01,162862.11,2088939.34,0.0,0.0
2026-04-02,162862.11,2053382.48,0.0,0.0
2026-04-03,162862.11,2078218.59,0.0,0.0
2026-04-04,162862.11,2085926.43,0.0,0.0
2026-04-05,162862.11,2104258.94,0.0,0.0
2026-04-06,162862.11,2077389.71,0.0,0.0
2026-04-07,162862.11,2175071.61,0.0,0.0
2026-04-08,162862.11,2138204.14,0.0,0.0
2026-04-09,162965.3,2156555.74,0.4941,9.58
2026-04-10,162904.05,2194740.34,0.4942,9.54
2026-04-11,162904.05,2196848.4,0.4942,9.54
2026-04-12,162904.05,2137028.17,0.4942,9.54
2026-04-13,163376.31,2230185.24,0.9836,24.37
2026-04-14,164594.21,2201998.57,1.4656,40.42
2026-04-15,165499.09,2231956.62,1.9546,49.66
2026-04-16,165566.75,2301395.61,1.9983,50.65
2026-04-17,166775.41,2311944.28,1.9838,51.01
2026-04-18,166775.41,2265128.71,1.9838,51.01
2026-04-19,166775.41,2219183.81,1.9838,51.01
2026-04-20,166479.21,2250085.4,1.9874,50.92
2026-04-21,165755.44,2253331.88,1.996,50.71
2026-04-22,167022.64,2280297.37,1.9809,51.08
2026-04-23,166542.6,2259129.64,1.9866,50.94
2026-04-24,168134.69,2284335.65,1.9678,51.4
2026-04-25,168134.69,2282921.36,1.9678,51.4
2026-04-26,168134.69,2297277.47,1.9678,51.4
2026-04-27,169089.71,2281055.7,1.9567,51.68
2026-04-28,168433.59,2258752.33,1.9643,51.49
2026-04-29,168296.9,2231567.02,1.9659,51.45
2026-04-30,169788.71,2218420.46,1.9486,51.88
2026-05-01,170124.68,2230952.27,1.9448,51.97
2026-05-02,170124.68,2240645.17,1.9448,51.97
2026-05-03,170124.68,2234037.81,1.9448,51.97
2026-05-04,169840.3,2235703.16,1.948,51.89
2026-05-05,170543.31,2274163.95,1.94,52.09
2026-05-06,172808.39,2356905.38,1.9146,52.72
2026-05-07,172965.15,2352764.93,1.9128,52.76
2026-05-08,174274.41,2427941.35,1.8985,53.12
2026-05-09,174274.41,2448895.19,1.8985,53.12
2026-05-10,174274.41,2506401.06,1.8985,53.12
2026-05-11,174135.23,2529819.76,1.9,53.08
2026-05-12,173907.85,2479000.49,1.9025,53.02
2026-05-13,175503.39,2441480.16,1.8852,53.45
2026-05-14,176581.67,2484779.27,1.8737,53.73
2026-05-15,174845.54,2405243.86,1.8923,53.27
2026-05-16,174845.54,2358561.06,1.8923,53.27
2026-05-17,174845.54,2334665.94,1.8923,53.27
2026-05-18,174475.85,2328605.66,1.8963,53.17
2026-05-19,173547.97,2302374.87,1.9064,52.92
2026-05-20,174574.82,2344121.69,1.8952,53.2
2026-05-21,174340.44,2354390.09,1.8978,53.13
2026-05-22,174046.32,2294202.47,1.901,53.06
2026-05-23,174046.32,2317884.88,1.901,53.06
2026-05-24,174046.32,2310721.06,1.901,53.06
2026-05-25,174046.32,2306529.41,1.901,53.06
2026-05-26,174977.73,2283266.81,1.8908,53.31
2026-05-27,174783.72,2256856.93,1.8929,53.25
2026-05-28,175374.16,2255744.86,1.8866,53.41
2026-05-29,174833.75,2244664.11,1.8924,53.27
2026-05-30,174833.75,2255438.24,1.8924,53.27
2026-05-31,174833.75,2251074.79,1.8924,53.27
2026-06-01,175824.89,2260499.96,1.4238,43.05
2026-06-02,175934.22,2133516.37,1.4229,43.09
2026-06-03,175026.07,2066758.98,1.4303,42.79
2026-06-04,175290.19,2029461.14,1.4282,42.88
2026-06-05,172140.42,1898216.9,1.4543,41.83
2026-06-06,172140.42,1875485.31,1.4543,41.83
2026-06-07,172140.42,1947700.4,1.4543,41.83
2026-06-08,172980.04,1963085.62,0.5082,16.86
2026-06-09,172889.49,1926626.21,0.4658,15.77
2026-06-10,172459.55,1872084.95,0.4669,15.56
2026-06-11,172915.76,1951276.26,0.4657,15.79
2026-06-12,172915.76,1950001.69,0.4657,15.79
2026-06-13,172915.76,1987215.01,0.4657,15.79
2026-06-14,172915.76,2027405.43,0.4657,15.79
2026-06-15,172915.76,2076704.22,0.4657,15.79
2026-06-16,172915.76,2066793.39,0.4657,15.79
2026-06-17,172915.76,2040808.13,0.4657,15.79
2026-06-18,172915.76,2000423.3,0.4657,15.79
2026-06-19,172915.76,2002072.49,0.4657,15.79
2026-06-20,172915.76,2062567.65,0.4657,15.79
2026-06-21,172915.76,2049345.58,0.4657,15.79
2026-06-22,172915.76,2040408.23,0.4657,15.79
2026-06-23,172915.76,2000724.52,0.4657,15.79
2026-06-24,172915.76,1971613.2,0.4657,15.79
2026-06-25,172915.76,1964456.07,0.4657,15.79
2026-06-26,172915.76,2039132.72,0.4657,15.79
2026-06-27,172915.76,2014165.99,0.4657,15.79
2026-06-28,172915.76,2029977.3,0.4657,15.79
2026-06-29,172915.76,2093658.81,0.4657,15.79
2026-06-30,172915.76,2068712.66,0.4657,15.79
2026-07-01,172915.76,2136363.88,0.4657,15.79
2026-07-02,172915.76,2193498.33,0.4657,15.79
2026-07-03,172915.76,2222169.64,0.4657,15.79
2026-07-04,172915.76,2211121.82,0.4657,15.79
2026-07-05,172915.76,2207150.91,0.4657,15.79
2026-07-06,172915.76,2215775.27,0.4657,15.79
2026-07-07,172915.76,2193581.09,0.4657,15.79
2026-07-08,172915.76,2143431.83,0.4657,15.79
2026-07-09,172915.76,2147960.81,0.4657,15.79
2026-07-10,172915.76,2148331.43,0.4657,15.79
2026-07-11,172915.76,2126558.27,0.4657,15.79
2026-07-12,172915.76,2127428.79,0.4657,15.79
2026-07-13,172915.76,2092161.76,0.4657,15.79
2026-07-14,172915.76,2143001.05,0.4657,15.79
2026-07-15,172915.76,2134267.32,0.4657,15.79
2026-07-16,172915.76,2099357.0,0.4657,15.79
2026-07-17,172915.76,2094794.06,0.4657,15.79
